sym,date,last,stop,zlsma,atr,adx,pdi,ndi,regime,pct200,advol,f5,f10,f21
AAPL,2026-04-01,255.63,249.93,246.4152,5.2452,20.8214,20.0997,23.9804,REPAIR,2.72,10479490537,1.9012,3.0395,9.5881
MSFT,2026-04-13,384.37,364.4228,388.6898,9.0406,27.8426,27.6626,27.4909,DEEP-FAIL,-18.8466,12351380500,8.7676,10.5237,6.0879
MSFT,2026-05-15,421.92,401.58,427.8983,11.4102,16.2401,34.4918,25.0728,REPAIR,-8.8987,14573058470,-0.794,9.1487,-6.6577
NVDA,2026-04-01,175.75,169.81,170.4531,5.4503,22.0557,23.0557,31.4596,REPAIR,-2.1732,31901762164,4.643,12.8592,12.9161
NVDA,2026-05-06,207.83,184.3,215.0366,6.9102,22.2694,28.3213,18.5648,PASS,12.7755,31031369433,8.6609,7.5254,-1.3136
NVDA,2026-06-01,224.36,205.6518,231.547,8.1881,22.5177,27.6305,17.8372,PASS,19.4249,38242658969,-7.0066,-5.3084,-11.9362
AMD,2026-03-19,205.27,188.41,178.0915,8.705,14.3907,21.8668,23.2564,REPAIR,6.6062,7194167718,-0.7307,5.958,33.9455
AMD,2026-05-26,503.89,424.99,515.5009,32.5238,46.7311,42.256,14.7759,PASS,116.6954,21057413974,3.5027,-5.6332,5.6917
AMD,2026-06-12,511.57,445.05,530.46,35.0585,32.4474,28.3286,22.5201,PASS,101.4598,16334822858,7.8308,5.4577,3.4345
MU,2026-03-16,441.8,384.34,378.9517,25.7981,21.4638,30.878,18.0786,PASS,96.6049,14187503232,-8.4767,-27.1616,3.2662
MU,2026-04-08,406.73,347.2802,350.1952,29.6375,19.4603,31.7487,27.5028,PASS,64.6158,21244566659,12.1702,19.8535,58.9826
MU,2026-05-26,895.88,696.28,877.0732,66.2013,34.9062,44.9268,17.3302,PASS,174.4093,47144388572,18.7771,4.466,35.4601
MU,2026-06-15,1087.99,876.7504,1106.393,84.0963,29.789,31.7969,18.9144,PASS,181.4542,60026742746,-3.3291,6.0938,-21.5802
AMAT,2026-03-24,373.99,332.851,344.8788,16.1946,16.0713,26.0129,19.8539,PASS,53.9974,2686326095,-8.6099,3.1364,8.0002
AMAT,2026-04-08,385.72,337.29,342.4705,18.8741,14.585,30.9828,19.563,PASS,53.2027,2445619146,2.214,4.6044,6.4606
AMAT,2026-05-05,410.82,367.65,413.5545,14.3271,16.1935,30.2905,19.0364,PASS,51.3495,2388192258,4.9608,-0.9518,22.1216
AMAT,2026-05-26,454.89,410.63,453.0231,20.1507,14.4228,33.1688,22.763,PASS,57.6177,3572439472,7.7293,9.743,46.8487
AMAT,2026-06-11,552.64,431.42,501.7373,32.4664,21.6016,31.29,12.9767,PASS,79.8822,4949479955,11.6658,13.4265,7.7917
QCOM,2026-04-14,132.84,129.07,131.607,3.3637,27.6611,20.3425,21.9821,DEEP-FAIL,-15.6409,1741672287,2.0476,12.9178,60.4712
QCOM,2026-06-18,226.11,195.69,230.8892,17.3207,24.0269,29.8676,20.0666,PASS,35.5462,5127702253,-16.2399,-17.5269,-23.2674
INTC,2026-04-01,48.03,38.75,41.6438,2.6851,10.1685,31.0359,21.1932,PASS,36.6649,4253428485,28.503,42.6192,107.412
INTC,2026-06-12,124.57,100.03,115.6278,9.8963,33.3819,32.4855,19.2744,PASS,132.8255,16217789209,13.1412,5.7397,-17.3236
ORCL,2026-04-13,155.62,136.14,155.6808,6.7906,12.3408,34.9326,26.4801,DEEP-FAIL,-28.0353,3612080460,14.1113,11.1425,20.0553
ORCL,2026-05-01,171.83,153.21,178.1655,9.392,22.2735,33.9922,21.3305,DEEP-FAIL,-19.0729,5523939738,14.0371,12.2912,42.3384
ORCL,2026-05-28,203.7,183.78,204.4287,8.4984,27.1063,35.901,17.0388,REPAIR,-1.6689,4112145371,16.0236,-9.622,-27.462
ARM,2026-03-17,127.31,113.1102,125.674,5.9864,13.1436,30.4462,24.9694,REPAIR,-7.7971,489414389,6.009,18.8281,27.5077
ARM,2026-06-12,380.81,293.67,396.1513,40.4589,43.3834,33.257,16.3039,PASS,134.6817,4931259415,7.0665,-9.7765,-27.2577
AMZN,2026-04-01,210.57,199.79,208.5841,5.5945,15.7681,28.5249,28.8416,REPAIR,-6.2388,9595280871,10.9607,18.5829,27.3971
AMZN,2026-05-28,274,259.88,279.1764,6.3478,27.6272,28.649,19.916,PASS,18.4738,11460252212,-7.3759,-11.8577,-12.3577
META,2026-03-31,572.13,508.72,552.0997,20.8679,27.3492,22.1594,41.8059,DEEP-FAIL,-16.6243,9453129576,7.0421,17.3824,6.953
META,2026-05-27,635.255,600.97,636.8729,13.2997,19.3561,28.0744,25.5593,REPAIR,-4.9036,10656921914,-1.9323,-10.118,-13.3812
META,2026-06-03,622.98,573.23,620.5376,15.5701,16.4733,25.4729,27.7232,REPAIR,-6.1692,9843532857,-8.347,-8.8927,-3.6422
META,2026-06-16,600.21,572.59,544.9613,21.1661,15.4356,28.5511,29.3068,REPAIR,-8.5828,10704745230,-7.0875,2.1159,7.6307
GOOG,2026-03-31,286.86,263.69,279.2915,7.4418,33.4282,18.9192,34.6851,REPAIR,8.5394,5948021059,9.719,16.5969,33.1451
GOOG,2026-05-13,399.04,369.72,416.6329,11.1839,48.5297,42.4327,13.907,PASS,37.9469,7460205134,-3.5435,-3.2378,-10.2446
NFLX,2026-03-31,96.15,89.57,101.194,2.4903,24.9874,28.5263,15.8417,DEEP-FAIL,-10.4544,3891745233,3.3697,12.0229,-2.6417
NFLX,2026-05-18,89.65,83.24,81.3545,2.4382,20.6793,18.9394,25.5582,DEEP-FAIL,-12.4792,3248850192,-2.1974,-7.0496,-14.155
UBER,2026-03-17,77.79,70.56,70.8421,2.7839,18.3905,25.29,16.0385,DEEP-FAIL,-11.2575,1564199076,-7.006,-7.5331,-1.684
UBER,2026-04-15,77.28,69.49,75.9715,2.45,14.3032,32.0517,20.2095,DEEP-FAIL,-10.4573,1109209728,-2.1998,-3.6361,-3.3514
UBER,2026-05-06,79.17,64.85,75.1238,2.4632,11.4093,32.9655,20.7428,REPAIR,-6.8158,1269414860,-5.6461,-5.7724,-10.6859
UBER,2026-06-01,73.77,68.05,72.915,2.2778,12.7365,21.7459,20.6461,DEEP-FAIL,-11.7591,1568224942,-5.0291,-1.2471,-1.5047
UBER,2026-06-15,72.85,64.8,68.5,2.2786,10.2344,26.0216,20.6805,DEEP-FAIL,-11.5984,1533430902,-4.3651,-0.9472,1.6335
PLTR,2026-04-17,146.39,135.35,152.27,7.9099,17.3107,27.669,25.4341,DEEP-FAIL,-10.8632,7467381392,-2.2543,-1.5848,-7.685
PLTR,2026-05-28,143.34,131.155,130.7636,5.3189,13.067,25.4363,21.8446,DEEP-FAIL,-11.4837,6031153866,-1.1441,-8.5531,-19.2828
SNOW,2026-04-20,150.44,136.08,141.787,9.1938,25.9768,23.4178,27.1933,DEEP-FAIL,-28.4988,1148660211,-4.1146,-4.1412,12.7027
SNOW,2026-05-07,153.72,133.64,132.0616,8.2547,19.8525,30.7694,26.1127,DEEP-FAIL,-25.2805,1302124705,-1.9256,7.6893,56.4208
PANW,2026-04-07,169.87,153.12,169.9605,7.1129,15.5542,27.6155,20.1102,REPAIR,-9.3606,1278459983,-4.8743,2.9964,8.1297
PANW,2026-06-15,284.54,262.96,306.3155,15.0071,40.4213,32.3697,16.8278,PASS,46.1064,2695019913,2.2405,19.8496,24.4078
CRWD,2026-04-07,105.8075,93.5176,103.3899,4.4866,19.0988,25.4404,21.9533,REPAIR,-8.6161,1443896272,-5.8455,6.233,10.5947
NET,2026-04-20,204.81,185.89,198.4868,14.21,18.1218,22.245,22.6824,PASS,1.2961,963777848,3.6863,9.4527,0.9375
NET,2026-05-19,206.73,190.23,195.2678,15.3031,15.0323,26.1473,27.8976,REPAIR,1.3074,983581358,1.2045,28.3462,8.3829
JPM,2026-03-24,292.4,279.1746,289.9055,7.0546,27.7302,18.1325,26.5766,REPAIR,-3.0417,3252250155,0.6019,5.3249,6.5971
JPM,2026-03-31,294.16,273.93,289.2835,6.7382,25.6614,21.6176,27.1456,REPAIR,-2.6363,3314635724,4.6947,4.0012,6.4829
JPM,2026-05-26,306.74,297.76,305.0123,6.2108,19.0883,19.6264,22.2544,PASS,0.3564,2451587058,-1.8843,1.943,9.2521
JPM,2026-06-04,310.89,290.05,294.126,6.1718,20.6514,25.3762,19.5772,PASS,1.6033,2739450682,0.8363,4.6093,9.1125
BAC,2026-03-25,48.75,46.81,46.9897,1.2886,31.8987,18.9584,27.7029,REPAIR,-3.9038,2295745325,1.0667,8.1231,6.7692
BAC,2026-04-30,53.46,51.05,56.2899,1.144,26.0627,30.4842,19.9354,PASS,4.0193,1753251145,-1.3281,-6.7527,-3.6476
BAC,2026-05-20,51.23,49.06,52.9436,1.1475,18.3052,24.3929,25.4904,REPAIR,-0.8608,1688176132,-0.8979,5.7388,11.9852
BAC,2026-06-04,54.17,50.31,50.1636,1.1039,13.7841,31.4647,16.7798,PASS,4.2823,2122161119,1.8276,3.7475,10.504
GS,2026-03-23,831.27,775.1,767.319,27.702,26.9318,22.1121,29.0669,REPAIR,3.9009,2191899552,-2.8475,3.9554,12.4592
GS,2026-05-13,955.42,908.66,1010.8896,22.2976,15.3037,25.6372,17.6675,PASS,13.7347,1745919938,2.7946,5.5421,11.2338
GS,2026-06-15,1076.17,1013.31,1038.8058,37.2627,26.8621,33.0093,16.0386,PASS,23.5065,2512398502,1.6977,-6.0214,1.7925
C,2026-03-23,111.64,105.07,107.8399,3.4067,21.1707,23.1065,24.9057,REPAIR,9.719,1847725563,-3.9144,4.9176,16.2039
C,2026-03-31,113.41,101.48,110.4414,3.6275,18.9147,23.5658,27.676,PASS,10.3687,1834801235,8.8881,16.1185,12.8472
C,2026-05-26,126.86,122.18,125.4084,3.2975,13.49,25.497,18.2581,PASS,15.3948,1402350883,3.4684,6.2037,14.2835
BX,2026-03-18,113.53,102.37,98.2251,5.627,46.6282,18.4347,29.7988,DEEP-FAIL,-25.4402,1210015240,-4.5362,0.7047,13.6968
BX,2026-05-01,126.35,118.63,138.6839,4.6678,21.0182,28.3471,19.3301,DEEP-FAIL,-14.5261,827368886,-2.0419,-6.6957,-9.0542
BX,2026-06-09,120.29,109.53,107.0827,4.4039,15.2901,27.2637,23.0911,DEEP-FAIL,-14.6787,619403523,6.3014,-6.0687,2.3277
SPGI,2026-03-31,402.3121,383.5841,407.1008,9.437,33.3394,20.2054,26.7835,DEEP-FAIL,-14.8373,907770304,2.7319,1.232,1.3848
SPGI,2026-04-22,424.7479,409.9357,451.8168,10.7331,18.587,27.6145,18.8645,REPAIR,-8.9495,808587787,-3.534,-5.6763,-7.4222
SPGI,2026-05-29,401.0446,382.5058,382.7224,10.5565,8.7405,23.3889,19.7802,DEEP-FAIL,-11.3229,900701271,0.1038,-1.2005,-3.9481
PGR,2026-04-15,201.23,191.94,194.9766,4.7976,32.4808,14.249,19.7864,DEEP-FAIL,-10.6803,629337186,0.7355,-0.2833,-2.1617
PGR,2026-05-18,204,193.76,199.7728,4.2285,20.6748,19.3336,16.2616,REPAIR,-7.1299,502473053,-2.5588,-3.5196,0.2059
PGR,2026-06-05,204.02,186.52,199.0188,5.0416,13.9388,23.8327,16.2971,REPAIR,-5.7673,663630962,-0.446,1.6469,14.1555
KRE,2026-03-31,65.15,62.9,60.3504,1.3771,28.5965,19.9083,25.4973,REPAIR,1.6818,1370318544,5.4336,6.1704,7.2141
KRE,2026-05-22,69.37,68.29,71.0168,1.2518,16.3994,20.8255,22.1674,PASS,5.774,947648423,-1.528,1.4271,6.6311
KRE,2026-06-09,71.24,68.71,67.6008,1.3564,13.2654,29.724,16.5657,PASS,7.8625,1094007921,1.7546,3.8321,5.306
COIN,2026-04-14,184.41,161.91,199.1722,10.51,17.2446,31.4034,27.8322,DEEP-FAIL,-32.9996,1995081695,6.2578,5.2546,9.4301
COIN,2026-05-11,216.6,187.46,185.4561,12.2174,12.1577,28.9404,22.4086,DEEP-FAIL,-16.0259,2247437885,-12.5392,-16.8929,-28.9151
COIN,2026-05-29,189.03,163.07,194.0386,13.5027,11.2138,22.8954,22.9711,DEEP-FAIL,-23.9105,1832133673,-19.3779,-15.4737,-22.6631
DELL,2026-04-08,185.47,165.76,189.1714,9.4764,29.0027,37.4331,17.3738,PASS,37.0903,1672732722,-4.4158,15.733,24.1548
CAT,2026-04-01,730.32,667.22,663.0105,24.2328,16.4401,24.8212,25.4197,PASS,33.2956,1954715393,7.7706,5.7975,21.8192
CAT,2026-05-26,908.55,845.47,962.7161,29.0806,27.447,29.3398,16.6888,PASS,44.582,2356587314,0.1387,0.6769,16.3403
CAT,2026-06-03,926.18,872.38,931.1188,28.2771,24.5657,34.0357,17.9498,PASS,44.0655,2455491750,-7.5601,3.211,4.7226
CAT,2026-06-17,955.92,895.56,890.2635,36.2957,23.1383,29.2848,14.3466,PASS,43.2097,2655523487,10.5752,0.7961,-9.5845
DE,2026-04-08,609.32,562.36,531.9751,17.3221,21.1488,29.3488,21.4226,PASS,19.506,829485382,-5.3634,-4.8136,-4.7233
DE,2026-04-30,589.87,547.82,559.3533,16.0027,16.5583,26.9692,24.4817,REPAIR,14.3622,652395011,-1.5817,-2.5819,-8.0425
DE,2026-06-02,579.25,525.79,553.0594,16.9532,19.2915,29.3952,22.517,PASS,10.9956,817798183,-0.3315,1.0427,7.2542
GE,2026-04-01,292.68,269.22,287.4951,9.9107,34.1018,17.9878,33.1613,REPAIR,-0.2574,1702647417,6.9496,1.9168,-2.1081
GE,2026-05-06,305.83,275.47,284.7569,11.4316,26.6082,23.7525,24.7569,PASS,2.4035,2161979904,-3.636,-1.8507,7.2491
GE,2026-05-20,300.17,275.68,307.1242,9.5786,20.9439,22.9037,23.7099,PASS,0.0989,1848299852,6.8794,9.1548,18.3063
HON,2026-04-08,243.6844,232.7827,222.7408,5.3895,27.4929,19.4076,23.7379,REPAIR,10.0593,889898124,-0.1204,-5.377,-7.0547
HON,2026-05-06,227.3213,215.3085,223.5832,6.0835,30.471,20.3292,28.1448,REPAIR,2.6381,818003705,0.5072,0.2444,-1.3327
HON,2026-06-15,238.3803,217.5203,234.2917,8.3274,18.6515,28.3778,22.6024,PASS,6.7346,1204427763,-2.2163,-6.0744,-5.0551
UNP,2026-03-25,241.33,233.67,242.7397,5.5438,41.3622,13.4381,30.4838,REPAIR,4.0307,726467204,0.7417,4.0691,11.3413
UNP,2026-06-05,272.32,256.942,273.7099,7.265,18.1477,26.9383,17.7092,PASS,13.3706,846883529,0.1395,-4.5571,3.1654
ETN,2026-03-24,374.1,341.21,348.6632,13.3649,14.8393,22.4589,19.9441,PASS,5.0127,1036293886,-4.3919,3.0687,13.4723
ETN,2026-04-08,385.58,350.05,342.6159,14.0158,15.187,29.3469,23.3074,PASS,7.7214,953965464,2.4586,7.337,3.5194
ETN,2026-05-11,419,385.81,447.4336,16.4023,17.1718,27.367,27.1711,PASS,15.2014,1190671965,-8.8616,-3.7876,-10.3914
ETN,2026-05-26,403.13,366.53,405.8133,15.2672,14.8938,28.4658,25.489,PASS,10.6329,1199142214,3.5944,-0.3498,4.1525
ETN,2026-06-18,421.77,390.59,378.3022,16.6255,11.7657,23.653,20.291,PASS,14.3597,1044277256,-4.5262,-1.9798,-4.4621
PH,2026-04-08,966.05,887.74,861.9319,31.0602,26.781,30.7275,23.7539,PASS,16.3485,735322869,-0.237,-1.2028,-8.1983
PH,2026-05-06,902.66,843.55,958.3917,32.3654,20.7845,21.2041,30.9964,REPAIR,5.5572,663725763,-2.2478,-4.7881,-2.2511
PH,2026-06-04,872.23,826.43,817.6126,21.1588,26.9288,21.0685,28.2055,REPAIR,0.4449,715966332,3.4555,9.2911,9.7772
URI,2026-03-24,746.84,709.39,685.3609,29.5271,30.6233,15.4877,30.542,DEEP-FAIL,-12.9765,496781164,-2.4476,1.8545,32.1274
URI,2026-05-14,972.96,912.69,1069.1059,27.3786,42.2129,35.0878,9.731,PASS,11.645,600840551,-4.1913,2.3341,11.4136
TT,2026-04-01,428.14,399.15,390.3241,13.4853,26.997,19.7362,25.5542,REPAIR,1.4395,598723756,7.4672,7.5046,13.6264
TT,2026-06-03,465.84,440.1,457.8588,11.6069,14.683,26.7339,23.5841,PASS,8.7547,664079307,-3.5892,1.4318,4.5939
TDY,2026-04-06,632.01,607.49,572.0889,18.6598,29.9441,18.4909,25.7182,REPAIR,12.1682,197264984,3.7942,2.1709,-0.0222
XOM,2026-04-29,154.67,146.11,148.0897,3.9783,18.422,26.2396,26.747,REPAIR,21.3864,3079474604,-3.8663,-2.0043,-6.0839
XOM,2026-05-12,150.63,146.37,145.4717,4.0237,15.2703,23.9046,26.8296,REPAIR,16.5532,2536761540,7.9134,-1.8124,-2.6754
XOM,2026-06-03,152.53,144.9,149.1137,4.2961,12.5964,31.3241,26.4825,REPAIR,15.0483,2676940113,-1.2522,-7.7296,-10.5487
CVX,2026-04-29,192.22,183.7,182.7294,4.645,21.6496,25.5513,27.3727,REPAIR,15.7116,2169217818,-3.6729,-3.2359,-5.0775
CVX,2026-05-12,185.95,181.4992,178.3985,4.5224,19.1986,21.1377,29.0655,REPAIR,10.8585,1864476915,6.0769,-1.9091,-0.0699
CVX,2026-06-03,189.71,181.85,185.5202,4.5994,13.311,30.3298,25.9699,REPAIR,11.3863,1940777408,0.0474,-6.394,-11.3911
COP,2026-04-22,122.6,116.67,121.2809,4.5139,21.7247,30.8455,32.1456,PASS,22.1548,1075178865,4.6085,-3.0179,-1.6721
COP,2026-05-12,117.87,112.47,113.5466,3.4193,16.097,24.2001,33.704,REPAIR,15.2314,1022256323,6.1424,-2.3246,-2.1295
COP,2026-06-03,119.05,113.69,113.4006,3.0909,13.2068,27.9711,29.1951,REPAIR,14.3529,852627356,0.7308,-6.5855,-12.9945
OXY,2026-04-22,57.05,55.23,57.223,2.4161,25.8068,26.3267,32.1019,PASS,22.2702,1010336160,6.5031,-3.532,3.1201
OXY,2026-05-12,56.27,53.7,52.2738,1.87,18.1065,24.716,31.6909,REPAIR,18.2849,724092508,7.8728,1.1018,-1.4217
OXY,2026-06-03,59.64,56.82,56.5597,1.8972,12.1834,30.0174,23.3931,PASS,22.6068,733296702,-4.2589,-11.0664,-18.159
VLO,2026-04-27,238.25,228.338,235.4739,9.2997,21.3533,28.6787,25.9715,PASS,31.5638,765099742,5.6159,4.1469,0.8772
VLO,2026-05-18,258.52,239.58,237.7788,9.1915,14.4135,34.4144,22.9409,PASS,36.9656,751263502,-6.603,-0.1006,-7.2528
VLO,2026-06-02,258.26,238.4,247.3967,8.8481,11.5451,30.5793,22.2025,PASS,32.7992,788982208,-1.7347,-5.4712,3.6785
DVN,2026-04-22,47.12,43.69,45.939,1.8239,23.2671,29.7993,34.6525,PASS,23.9484,623440479,8.4041,-1.1036,-0.0212
DVN,2026-05-15,49.49,45.1914,46.6229,1.7352,16.5747,32.5304,29.2933,PASS,25.9295,732301115,-4.5868,-6.4255,-13.336
DVN,2026-06-01,46.31,42.31,44.9021,1.5378,16.1394,27.798,31.3239,REPAIR,15.791,753255469,-2.656,-6.003,-13.0857
FCX,2026-03-25,57.09,53.75,52.8301,2.9227,29.0506,23.6537,37.3506,REPAIR,18.4648,1139851989,7.1992,16.3952,6.9364
FCX,2026-05-06,60.89,53.6902,63.2925,2.8341,26.2792,24.8893,30.8191,REPAIR,19.5924,970267546,10.2973,-0.0328,4.0729
FCX,2026-05-26,64.36,59.59,64.7876,2.8903,15.8363,32.105,24.4326,PASS,23.142,891360999,11.4357,-0.1709,-2.4239
FCX,2026-06-12,68.41,63.26,63.3222,3.4363,15.8195,27.954,22.0032,PASS,27.0947,879388782,1.1694,-9.9254,-10.8756
NEM,2026-03-31,108.25,97.64,93.108,4.9489,32.4434,21.1843,31.3221,REPAIR,20.8242,1315450493,9.1455,4.4249,2.6236
NEM,2026-04-24,120.7,109.05,114.2241,4.6074,15.2736,32.4309,26.0479,PASS,27.8445,1013571654,-10.0083,-3.4714,-7.5311
NEM,2026-05-06,115.1,103.07,117.1163,4.7599,11.4981,30.3366,25.2827,PASS,19.3026,859088324,3.3536,-6.6985,-13.371
NEM,2026-06-15,105.8,93.57,94.2874,4.9373,17.6734,27.9834,28.1582,REPAIR,3.7128,860836653,-7.5236,-11.7202,-14.1493
GDX,2026-03-31,91.77,79.79,78.4205,4.7095,34.1811,20.7529,32.8971,REPAIR,18.42,2935833548,6.9849,6.5381,-3.7921
GDX,2026-05-06,92.44,82.96,91.8601,3.4704,20.9752,27.457,32.1341,REPAIR,11.7662,1712993151,4.1,-6.5772,-14.7122
GDX,2026-05-29,89.49,82.07,91.991,3.7364,17.0554,23.6948,29.7675,REPAIR,4.6596,1826516382,-11.9008,-10.571,-15.6889
GDX,2026-06-15,85.27,74.17,74.9168,4.0961,22.9848,28.1522,29.7887,REPAIR,-1.7023,1967995164,-8.9246,-11.5164,-16.266
MP,2026-04-08,54.44,46.97,49.4997,3.6381,31.8146,18.8239,28.53,DEEP-FAIL,-10.7181,299867723,9.3314,27.094,26.9838
MP,2026-05-05,68.06,60,68.3099,4.3239,21.2177,24.8776,14.3357,PASS,7.9875,382717112,-3.6292,-19.2918,-3.8202
MP,2026-05-21,61.74,50,67.8342,4.9028,20.7185,24.6548,20.7749,REPAIR,-2.1121,427504445,4.7943,-4.1464,-4.5999
MP,2026-06-17,60.84,53.27,54.1496,4.2537,17.1542,29.2602,25.2517,REPAIR,-2.2021,388160362,-8.5799,-12.3767,-24.8849
HD,2026-04-09,339.58,315.33,305.2144,10.0459,34.9369,19.1699,27.7692,REPAIR,-8.9949,1420452273,-0.7156,0.1708,-6.5169
HD,2026-05-21,313.78,294.56,320.1664,8.7197,32.844,18.1251,32.8197,DEEP-FAIL,-14.3623,1604219814,1.0708,-0.9561,3.4005
LOW,2026-03-25,236.18,225.3602,213.2264,6.8048,41.3635,17.2971,33.8694,REPAIR,-4.2896,658659929,-0.0847,4.9242,3.5016
LOW,2026-06-09,217.37,201.91,198.305,6.2243,39.3512,18.2028,25.8207,DEEP-FAIL,-11.9618,707753557,3.0593,1.877,-2.6407
COST,2026-03-30,996.58,965.86,947.4889,15.716,18.9112,20.3528,20.5555,REPAIR,5.0968,1730273059,1.6687,-2.1855,0.2097
COST,2026-04-21,1005.81,966.21,991.2626,19.2722,14.2841,23.1568,23.2158,PASS,5.95,1803541346,-1.1742,1.0549,6.7806
COST,2026-06-16,986.68,952.79,965.2135,22.0006,15.2348,22.4825,23.5247,REPAIR,3.0181,2455351503,-2.5935,-6.2847,-4.6428
MCD,2026-04-17,311.36,302.51,290.1282,4.8929,23.163,23.9726,21.0107,REPAIR,0.5999,983224611,-3.8541,-7.9394,-9.2786
MCD,2026-05-18,282.47,271.33,277.5897,5.774,29.7611,19.7102,26.7603,REPAIR,-8.4101,1173439331,-1.1364,-2.1631,0.4779
MCD,2026-06-09,282.25,271.71,276.1263,5.0191,16.6699,23.2974,17.649,REPAIR,-7.8562,1192943117,2.0124,-2.9424,-2.7104
NKE,2026-04-15,45.44,42.3902,39.8766,1.8978,46.9276,19.0842,35.9437,DEEP-FAIL,-30.8837,1290667377,0.5282,-2.3107,-7.5264
NKE,2026-05-07,44.41,42.9202,43.9116,1.0341,36.0457,20.0641,33.1241,DEEP-FAIL,-29.9895,908224438,-5.3817,-0.045,-2.6571
NKE,2026-05-20,44.19,41.45,44.9449,1.1041,35.5161,19.5226,27.7756,DEEP-FAIL,-28.6346,871028993,7.1962,-1.2899,-2.263
NKE,2026-06-11,45.96,41.92,48.2473,1.4275,19.4466,29.0748,18.6946,DEEP-FAIL,-22.8433,996676473,-1.6536,-11.3359,-6.745
KO,2026-04-06,77.22,75.1136,72.3133,1.2123,17.6572,20.74,20.4574,PASS,8.2547,1204306591,-1.049,-2.2533,1.6317
KO,2026-04-24,76.63,74.96,73.3806,1.2946,16.9873,20.5453,21.3045,REPAIR,6.8117,1021622440,2.5447,2.3359,4.998
KO,2026-06-09,81.34,77.88,81.3541,1.5757,21.1768,23.1469,18.4484,PASS,11.0086,1311566879,-1.3032,-0.9098,2.6432
PEP,2026-03-30,156.82,146.16,146.6323,3.1518,26.9563,23.5532,26.0109,REPAIR,6.4846,1011641696,-2.302,-0.7014,-0.9756
PEP,2026-06-15,146.25,140.37,138.7624,2.9012,22.4124,21.7544,22.1789,REPAIR,-2.7046,1282911011,-2.8718,-7.4188,-4.6632
PM,2026-04-22,163.95,141.05,149.8119,4.2067,36.402,22.2582,28.9445,REPAIR,-0.4972,760998862,-0.7563,4.0134,14.9497
PM,2026-06-12,184.3,174.9,188.2728,5.22,18.4577,22.9608,18.5995,PASS,10.9377,800416964,-6.0391,-0.7759,-1.8557
TJX,2026-03-25,159.74,153.46,160.2902,3.2189,14.2609,21.1724,15.6665,PASS,11.3202,771466167,1.4336,3.2929,-1.6965
TJX,2026-05-18,150.25,144.89,149.5171,3.1361,27.2258,15.9018,23.82,REPAIR,0.5173,754852447,5.8037,2.2895,9.2379
TJX,2026-06-03,157.9,149.97,152.0685,3.5385,21.1109,27.2396,18.1961,PASS,4.6874,1058696865,6.1811,3.9455,-4.1735
DIS,2026-04-08,99.18,94.2,96.2316,2.175,32.0956,22.4287,26.3835,DEEP-FAIL,-10.8144,1079313630,3.8919,5.6866,9.5584
DIS,2026-04-30,103.75,99.54,105.4911,2.1575,19.3499,27.6401,21.3237,REPAIR,-5.457,776231677,4.7325,1.6096,-0.8675
DIS,2026-06-18,103.89,97.52,96.3108,2.1757,12.4764,21.8358,15.8879,REPAIR,-3.0246,972485164,-4.909,-6.2374,-7.4598
