date,ticker,name,grade,tab,score_precap,price,stop,cur_price,cur_ret,best_ret,worst_ret,stop_hit,days_held,fwd5,fwd21,status
2026-07-01,AMLX,"Amylyx Pharmaceuticals, Inc.",A,FRESH IGNITION,71.7,17.96,,17.59,-0.0201,0.0507,-0.0797,,15.0,0.0267,,OPEN
2026-07-01,ACHC,"Acadia Healthcare Company, Inc.",A,FRESH IGNITION,70.9,29.53,,34.01,0.0883,0.1466,-0.0502,,15.0,0.0038,,OPEN
2026-07-01,AROC,"Archrock, Inc.",B,FRESH IGNITION,67.9,40.71,,38.39,-0.0095,0.0395,-0.0697,,15.0,-0.0025,,OPEN
2026-07-01,IIPR,Innovative Industrial Propertie,B,FRESH IGNITION,67.7,61.98,,61.27,-0.0228,0.0427,-0.0359,,15.0,0.0056,,OPEN
2026-07-01,MIRM,"Mirum Pharmaceuticals, Inc.",B,FRESH IGNITION,66.5,117.07,,114.36,-0.0506,0.0792,-0.0889,,15.0,0.0665,,OPEN
2026-07-01,SSD,"Simpson Manufacturing Company, ",B,FRESH IGNITION,66.4,209.35,,189.26,-0.0682,0.0093,-0.0997,,15.0,-0.0669,,OPEN
2026-07-01,NPKI,NPK International Inc.,B,FRESH IGNITION,64.6,15.91,,14.49,0.0133,0.049,-0.0608,,15.0,0.0063,,OPEN
2026-07-01,PM,Philip Morris International Inc,B,FRESH IGNITION,63.7,180.91,,191.12,0.0756,0.1243,-0.0109,,15.0,0.0196,,OPEN
2026-07-01,TTI,"Tetra Technologies, Inc.",B,FRESH IGNITION,63.4,11.33,,8.53,-0.1678,0.0156,-0.1727,,15.0,-0.0849,,OPEN
2026-07-01,FHB,"First Hawaiian, Inc.",B,FRESH IGNITION,62.6,29.3,,28.65,-0.0516,0.0122,-0.0976,,15.0,-0.003,,OPEN
2026-07-01,CHCO,City Holding Company,B,FRESH IGNITION,61.8,132.64,,137.56,0.0236,0.0399,-0.0435,,15.0,-0.0184,,OPEN
2026-07-01,IDA,"IDACORP, Inc.",B,FRESH IGNITION,61.6,151.3,,149.36,-0.0051,0.0319,-0.0348,,15.0,-0.0119,,OPEN
2026-07-01,HBNC,"Horizon Bancorp, Inc.",B,FRESH IGNITION,61.4,19.98,,20.05,-0.0133,0.0167,-0.063,,15.0,-0.0374,,OPEN
2026-07-01,AHR,"American Healthcare REIT, Inc.",B,FRESH IGNITION,60.1,52.15,,56.38,0.0509,0.0815,-0.0216,,15.0,0.0076,,OPEN
2026-07-02,DK,"Delek US Holdings, Inc.",A,FRESH IGNITION,72.5,53.14,,64.78,0.2313,0.3102,-0.0224,,14.0,0.0502,,OPEN
2026-07-02,PNTG,"The Pennant Group, Inc.",A,FRESH IGNITION,70.8,37.36,,39.81,0.0335,0.1046,-0.0106,,14.0,0.0419,,OPEN
2026-07-02,STGW,Stagwell Inc.,B,FRESH IGNITION,69.6,7.58,,7.09,-0.0419,0.0919,-0.0635,,14.0,0.0534,,OPEN
2026-07-02,ZD,"Ziff Davis, Inc.",B,FRESH IGNITION,68.8,51.97,,51.81,-0.0118,0.0484,-0.038,,14.0,-0.0076,,OPEN
2026-07-02,PBF,PBF Energy Inc.,B,FRESH IGNITION,63.0,48.04,,61.95,0.2958,0.4292,-0.0151,,14.0,0.1012,,OPEN
2026-07-02,FLG,"Flagstar Bank, N.A.",B,FRESH IGNITION,62.2,15.0,,14.71,0.0082,0.0583,-0.0185,,14.0,0.037,,OPEN
2026-07-02,MAMA,"Mama's Creations, Inc.",B,FRESH IGNITION,61.9,18.33,,17.48,-0.0642,0.0535,-0.1183,,14.0,0.0214,,OPEN
2026-07-02,EGBN,"Eagle Bancorp, Inc.",B,FRESH IGNITION,61.7,28.57,,27.6,0.0004,0.0178,-0.1289,,14.0,-0.029,,OPEN
2026-07-02,SRRK,Scholar Rock Holding Corporatio,B,FRESH IGNITION,61.5,52.84,,49.48,-0.0984,0.0658,-0.1386,,14.0,0.0313,,OPEN
2026-07-02,PVLA,"Palvella Therapeutics, Inc.",B,FRESH IGNITION,69.4,146.76,,143.21,-0.0242,0.0771,-0.1782,,14.0,-0.0181,,OPEN
2026-07-02,PTCT,"PTC Therapeutics, Inc.",B,FRESH IGNITION,66.9,83.31,,78.45,-0.0583,0.0907,-0.0811,,14.0,0.0296,,OPEN
2026-07-02,AUB,Atlantic Union Bankshares Corpo,B,FRESH IGNITION,60.4,42.26,,42.16,-0.0024,0.031,-0.0445,,14.0,-0.008,,OPEN
2026-07-02,ALTO,"Alto Ingredients, Inc.",B,FRESH IGNITION,60.3,5.56,,4.97,-0.1061,0.0935,-0.1259,,14.0,0.0153,,OPEN
2026-07-07,OPY,"Oppenheimer Holdings, Inc.",A,FRESH IGNITION,76.0,115.47,,109.85,-0.0361,0.0813,-0.0815,,12.0,0.0379,,OPEN
2026-07-07,BSTZ,BlackRock Science and Technolog,B,FRESH IGNITION,65.2,29.62,,28.91,0.02,0.0476,-0.0569,,12.0,0.0319,,OPEN
2026-07-07,DSGN,"Design Therapeutics, Inc.",B,FRESH IGNITION,63.3,14.85,,11.63,-0.2094,0.07,-0.2175,,12.0,-0.0707,,OPEN
2026-07-07,GKOS,Glaukos Corporation,A,COILED,72.5,148.7,139.22,152.13,0.0098,0.0722,-0.05,,12.0,0.0119,,OPEN
2026-07-07,NVRI,Enviri Corporation,A,COILED,70.7,23.1,21.38,22.53,0.0,0.0457,-0.0448,,12.0,0.0009,,OPEN
2026-07-07,TRNS,"Transcat, Inc.",B,COILED,69.4,91.72,85.33,87.31,-0.0008,0.0897,-0.0331,Y,12.0,0.0269,,OPEN
2026-07-07,CROX,"Crocs, Inc.",B,COILED,67.7,125.78,118.42,132.47,0.0636,0.1274,-0.0386,,12.0,0.0532,,OPEN
2026-07-07,EPC,Edgewell Personal Care Company,B,COILED,66.4,26.67,24.69,26.69,0.003,0.1218,-0.0782,Y,12.0,0.0316,,OPEN
2026-07-07,AMG,"Affiliated Managers Group, Inc.",B,COILED,66.1,356.61,340.8,347.77,-0.0332,0.064,-0.0879,Y,12.0,0.0175,,OPEN
2026-07-07,LEVI,Levi Strauss & Co,B,COILED,64.6,24.68,23.46,24.11,-0.0159,0.0166,-0.0888,Y,12.0,-0.0353,,OPEN
2026-07-07,MSM,"MSC Industrial Direct Company, ",B,COILED,64.6,121.14,115.55,125.83,0.0556,0.0799,-0.0159,,12.0,0.0412,,OPEN
2026-07-07,HXL,Hexcel Corporation,B,COILED,64.1,101.3,96.66,109.89,0.0977,0.1089,-0.0277,,12.0,0.0177,,OPEN
2026-07-07,ANET,"Arista Networks, Inc.",B,COILED,64.1,173.28,158.76,176.61,0.061,0.1403,-0.056,Y,12.0,0.0968,,OPEN
2026-07-07,EAT,"Brinker International, Inc.",B,COILED,63.4,176.28,165.33,185.0,0.0553,0.1203,-0.04,,12.0,0.0572,,OPEN
2026-07-07,YOU,"Clear Secure, Inc.",B,COILED,63.3,56.74,52.72,51.85,-0.0726,0.0336,-0.0835,Y,12.0,-0.0424,,OPEN
2026-07-07,PSA,Public Storage,B,COILED,62.8,324.0,313.33,315.01,-0.0416,0.0007,-0.0643,Y,12.0,-0.0297,,OPEN
2026-07-07,MATX,"Matson, Inc.",B,COILED,62.7,204.53,195.02,213.59,0.0759,0.1622,-0.0253,Y,12.0,0.0626,,OPEN
2026-07-07,MCB,Metropolitan Bank Holding Corp.,B,COILED,62.4,100.21,96.05,90.79,-0.0647,0.0444,-0.109,Y,12.0,-0.0018,,OPEN
2026-07-07,AAPL,Apple Inc.,B,COILED,62.3,312.66,299.72,321.66,0.0354,0.0783,-0.0116,,12.0,0.0135,,OPEN
2026-07-07,DBD,Diebold Nixdorf Incorporated,B,COILED,62.2,84.16,79.81,86.98,0.0409,0.0639,-0.0215,,12.0,0.0241,,OPEN
2026-07-07,FR,"First Industrial Realty Trust, ",B,COILED,62.0,63.04,61.13,66.33,0.0295,0.0846,-0.0081,,12.0,0.005,,OPEN
2026-07-07,PM,Philip Morris International Inc,B,COILED,61.9,184.76,177.43,191.12,0.0177,0.0638,-0.0641,Y,12.0,-0.063,,OPEN
2026-07-07,NET,"Cloudflare, Inc.",B,COILED,61.5,247.55,229.17,262.32,-0.0242,0.0825,-0.0418,,12.0,0.0481,,OPEN
2026-07-07,TT,Trane Technologies plc,B,COILED,61.0,487.24,463.11,479.71,0.0083,0.0316,-0.0336,Y,12.0,0.0164,,OPEN
2026-07-07,ECO,Okeanis Eco Tankers Corp.,B,COILED,60.9,53.35,49.86,57.46,0.0696,0.0817,-0.0525,,12.0,0.056,,OPEN
2026-07-07,JPM,JP Morgan Chase & Co.,B,COILED,60.8,337.72,326.7,349.9,0.0315,0.0354,-0.0397,Y,12.0,0.0108,,OPEN
2026-07-07,FCFS,"FirstCash Holdings, Inc.",B,COILED,60.5,224.29,212.06,197.41,-0.1157,0.001,-0.1538,Y,12.0,-0.0591,,OPEN
2026-07-07,CPT,Camden Property Trust,B,COILED,60.2,116.95,113.73,112.84,-0.0403,-0.0049,-0.052,Y,12.0,-0.0391,,OPEN
2026-07-07,MAC,Macerich Company (The),B,COILED,60.2,25.28,24.27,25.3,-0.0075,0.029,-0.051,Y,12.0,-0.0235,,OPEN
2026-07-07,COLB,"Columbia Banking System, Inc.",B,COILED,60.0,32.24,31.18,32.26,0.0044,0.0486,-0.0399,Y,12.0,0.004,,OPEN
2026-07-07,LPRO,Open Lending Corporation,A,COOLING,70.3,3.13,2.97,3.13,0.0,0.0064,-0.0032,,12.0,0.0032,,OPEN
2026-07-07,VOYA,"Voya Financial, Inc.",B,COOLING,67.9,96.28,92.8,96.79,0.004,0.0773,-0.0189,,12.0,0.0197,,OPEN
2026-07-07,ZD,"Ziff Davis, Inc.",A,COOLING,70.0,53.78,51.02,51.81,-0.0272,0.0321,-0.0529,Y,12.0,-0.0248,,OPEN
2026-07-07,OKTA,"Okta, Inc.",A,COOLING,77.8,148.6,138.39,136.1,-0.0833,0.0575,-0.0989,Y,12.0,0.0414,,OPEN
2026-07-07,PNTG,"The Pennant Group, Inc.",A,COOLING,75.3,39.91,37.58,39.81,0.0028,0.0718,-0.0302,,12.0,0.0015,,OPEN
2026-07-07,TBLA,Taboola.com Ltd.,B,COOLING,67.2,5.53,5.18,4.81,-0.1142,0.0424,-0.1271,Y,12.0,0.011,,OPEN
2026-07-07,ALKS,Alkermes plc,B,COOLING,66.0,55.14,52.06,52.97,-0.0407,-0.0058,-0.0857,Y,12.0,-0.0656,,OPEN
2026-07-07,ALHC,"Alignment Healthcare, Inc.",A,COOLING,71.3,24.56,22.99,20.0,-0.1684,0.0129,-0.1892,Y,12.0,-0.1185,,OPEN
2026-07-07,LGND,Ligand Pharmaceuticals Incorpor,B,COOLING,65.8,320.42,302.72,302.15,-0.0541,0.0225,-0.0915,Y,12.0,-0.0578,,OPEN
2026-07-07,FTNT,"Fortinet, Inc.",B,COOLING,64.7,162.35,153.36,151.54,-0.0449,0.0736,-0.0488,Y,12.0,0.0514,,OPEN
2026-07-07,RSI,"Rush Street Interactive, Inc.",B,COOLING,68.6,32.22,30.24,31.32,-0.0306,0.0687,-0.0526,,12.0,0.0371,,OPEN
2026-07-07,PTGX,"Protagonist Therapeutics, Inc.",B,COOLING,61.9,131.5,124.04,135.43,-0.0385,0.0173,-0.1102,,12.0,-0.068,,OPEN
2026-07-07,VSEC,VSE Corporation,B,COOLING,65.9,238.01,222.02,197.35,-0.1068,-0.0146,-0.1494,Y,12.0,-0.0564,,OPEN
2026-07-07,RDVT,"Red Violet, Inc.",B,COOLING,68.8,68.71,64.33,59.57,-0.1141,0.0358,-0.1269,Y,12.0,0.0175,,OPEN
2026-07-07,FTDR,"frontdoor, inc.",B,COOLING,65.2,79.07,75.52,70.49,-0.1011,-0.0006,-0.1079,Y,12.0,-0.0509,,OPEN
2026-07-07,CORT,Corcept Therapeutics Incorporat,A,COOLING,73.4,91.61,86.23,96.66,0.0279,0.032,-0.0974,Y,12.0,-0.038,,OPEN
2026-07-07,ESTA,Establishment Labs Holdings Inc,B,COOLING,64.4,91.56,85.39,91.1,0.0007,0.0654,-0.079,Y,12.0,-0.0489,,OPEN
2026-07-07,AMN,AMN Healthcare Services Inc,B,COOLING,67.3,35.77,33.47,33.07,-0.0054,0.0746,-0.0722,Y,12.0,-0.0226,,OPEN
2026-07-07,TXG,"10x Genomics, Inc.",A,COOLING,72.3,40.0,36.51,48.06,0.2704,0.3085,-0.0716,Y,12.0,0.2104,,OPEN
2026-07-07,ETON,"Eton Pharmaceuticals, Inc.",B,COOLING,67.6,38.02,35.64,44.14,0.1696,0.19,-0.0726,Y,12.0,-0.0061,,OPEN
2026-07-07,NTRA,"Natera, Inc.",B,COOLING,69.1,283.8,265.47,264.69,-0.0589,0.0092,-0.0911,Y,12.0,-0.0306,,OPEN
2026-07-07,MRX,Marex Group plc,A,COOLING,74.9,66.34,61.21,64.24,-0.0442,0.0591,-0.1205,Y,12.0,-0.0228,,OPEN
2026-07-07,LTH,"Life Time Group Holdings, Inc.",B,COOLING,62.4,41.13,39.15,41.93,-0.0005,0.0479,-0.0266,,12.0,-0.0091,,OPEN
2026-07-07,CON,Concentra Group Holdings Parent,B,COOLING,63.5,31.84,30.65,31.53,-0.0032,0.0174,-0.0515,Y,12.0,-0.0231,,OPEN
2026-07-07,LINC,Lincoln Educational Services Co,B,COOLING,68.1,54.11,50.53,41.22,-0.2597,0.0119,-0.3085,Y,12.0,-0.039,,OPEN
2026-07-07,CACC,Credit Acceptance Corporation,B,COOLING,61.9,657.2,626.35,592.57,-0.0835,0.0,-0.1026,Y,12.0,-0.0445,,OPEN
2026-07-07,HNGE,"Hinge Health, Inc.",B,COOLING,69.8,88.52,82.55,76.69,-0.1412,0.0246,-0.1489,Y,12.0,0.0001,,OPEN
2026-07-07,COLD,"Americold Realty Trust, Inc.",B,COOLING,60.0,16.12,15.36,14.1,-0.1323,-0.0058,-0.1526,Y,12.0,-0.0215,,OPEN
2026-07-07,WLFC,Willis Lease Finance Corporatio,B,COOLING,65.4,239.91,224.88,67.49,-0.6958,0.0519,-0.7176,Y,11.0,-0.0221,,OPEN
2026-07-07,FFIV,"F5, Inc.",B,COOLING,60.5,419.03,398.03,388.08,-0.0696,0.0429,-0.0727,Y,12.0,0.0339,,OPEN
2026-07-07,DAVE,Dave Inc.,A,COOLING,72.5,396.0,360.24,408.59,0.0641,0.1935,-0.0481,,12.0,0.0861,,OPEN
2026-07-07,LQDA,Liquidia Corporation,A,COOLING,70.7,79.21,72.96,89.03,0.096,0.1189,-0.1418,Y,12.0,-0.0584,,OPEN
2026-07-07,UHAL,U-Haul Holding Company,B,COOLING,65.2,66.75,64.23,71.89,0.0788,0.0947,-0.0321,,12.0,0.0311,,OPEN
2026-07-07,BCAX,Bicara Therapeutics Inc.,B,COOLING,67.3,29.22,27.2,27.73,-0.0878,0.0033,-0.1237,Y,12.0,-0.0757,,OPEN
2026-07-07,RHP,"Ryman Hospitality Properties, I",B,COOLING,61.0,128.04,123.39,128.89,0.0127,0.0299,-0.0333,Y,12.0,-0.0259,,OPEN
2026-07-07,RLJ,RLJ Lodging Trust,B,COOLING,65.5,11.63,11.18,12.06,0.0588,0.0939,-0.0307,Y,12.0,0.0184,,OPEN
2026-07-07,NEO,"NeoGenomics, Inc.",B,COOLING,66.0,15.16,14.17,14.24,-0.0179,0.0372,-0.0579,Y,12.0,-0.0186,,OPEN
2026-07-07,TKR,Timken Company (The),B,COOLING,60.0,142.36,135.42,140.89,0.0205,0.0371,-0.0401,Y,12.0,0.0112,,OPEN
2026-07-07,RELY,"Remitly Global, Inc.",B,COOLING,63.3,24.23,22.8,22.87,-0.0522,0.0671,-0.0725,Y,12.0,-0.0253,,OPEN
2026-07-07,PANW,"Palo Alto Networks, Inc.",B,COOLING,68.0,357.53,335.68,325.63,-0.0339,0.0942,-0.0655,Y,12.0,0.047,,OPEN
2026-07-07,GH,"Guardant Health, Inc.",B,COOLING,66.0,168.82,157.25,150.2,-0.0781,0.0488,-0.1109,Y,12.0,-0.0172,,OPEN
2026-07-07,FLYW,Flywire Corporation - Voting,B,COOLING,63.0,18.33,17.21,16.12,-0.1307,0.0232,-0.1472,Y,12.0,-0.0518,,OPEN
2026-07-07,CDNA,"CareDx, Inc.",B,COOLING,65.6,29.06,27.08,37.61,0.3285,0.4295,-0.035,,12.0,0.0219,,OPEN
2026-07-07,PSNL,"Personalis, Inc.",A,COOLING,73.1,14.34,12.76,12.22,-0.1259,0.1724,-0.1363,Y,12.0,0.0751,,OPEN
2026-07-07,SLDB,Solid Biosciences Inc.,A,COOLING,71.8,11.07,10.13,7.98,-0.2843,0.017,-0.3003,Y,12.0,-0.1363,,OPEN
2026-07-07,MGTX,MeiraGTx Holdings plc,A,COOLING,74.6,13.89,12.81,12.1,-0.1746,0.0061,-0.1896,Y,12.0,-0.1514,,OPEN
2026-07-07,DRTS,Alpha Tau Medical Ltd.,A,COOLING,80.9,13.57,12.32,13.24,0.038,0.0898,-0.0976,Y,12.0,-0.0325,,OPEN
2026-07-07,IART,Integra LifeSciences Holdings C,B,COOLING,68.3,18.18,17.02,18.56,0.063,0.1604,-0.0258,Y,12.0,0.0538,,OPEN
2026-07-07,NOVT,Novanta Inc.,B,COOLING,65.1,164.89,153.83,143.26,-0.031,0.0699,-0.053,Y,12.0,-0.0083,,OPEN
2026-07-07,SEZL,Sezzle Inc.,B,COOLING,66.9,179.05,164.11,159.01,-0.1048,0.1018,-0.1329,Y,12.0,0.0268,,OPEN
2026-07-07,DGII,Digi International Inc.,B,COOLING,64.8,73.22,68.91,65.8,-0.0621,0.0611,-0.1468,Y,12.0,-0.0361,,OPEN
2026-07-07,ZVRA,"Zevra Therapeutics, Inc.",A,COOLING,70.5,13.97,13.0,12.52,-0.133,0.0412,-0.1821,Y,12.0,-0.0956,,OPEN
2026-07-07,MRCY,Mercury Systems Inc,B,COOLING,62.7,123.07,113.24,106.34,-0.0819,-0.0025,-0.2028,Y,12.0,-0.1339,,OPEN
2026-07-07,ABSI,Absci Corporation,B,COOLING,68.3,11.54,10.08,8.07,-0.2877,0.0591,-0.331,Y,12.0,-0.0971,,OPEN
2026-07-07,BIOA,"BioAge Labs, Inc.",B,COOLING,66.6,24.84,22.7,21.9,-0.1025,0.0418,-0.1316,Y,12.0,-0.0664,,OPEN
2026-07-07,FTRE,Fortrea Holdings Inc.,B,COOLING,63.5,17.85,16.4,19.5,0.1156,0.155,-0.053,,12.0,0.0315,,OPEN
2026-07-07,AVR,Anteris Technologies Global Cor,A,COOLING,81.4,10.57,9.62,8.19,-0.1744,0.003,-0.1966,Y,12.0,-0.0978,,OPEN
2026-07-07,MRNA,"Moderna, Inc.",A,COOLING,80.9,81.8,74.28,57.02,-0.2852,-0.0184,-0.2945,Y,12.0,-0.1546,,OPEN
2026-07-07,BJRI,"BJ's Restaurants, Inc.",B,COOLING,63.5,59.19,55.79,65.09,0.0802,0.1683,-0.0363,,12.0,0.0227,,OPEN
2026-07-07,ENVA,"Enova International, Inc.",B,COOLING,66.2,234.78,222.97,217.8,-0.081,0.0237,-0.0944,Y,12.0,-0.0268,,OPEN
2026-07-07,VCYT,"Veracyte, Inc.",B,COOLING,63.4,57.99,53.96,57.88,0.0306,0.083,-0.034,,12.0,0.0082,,OPEN
2026-07-07,CRWD,"CrowdStrike Holdings, Inc.",B,COOLING,66.3,199.38,185.59,183.42,-0.0575,0.1176,-0.07,Y,12.0,0.0828,,OPEN
2026-07-07,BRKR,Bruker Corporation,B,COOLING,68.4,61.34,57.44,62.15,0.067,0.0898,-0.0592,Y,12.0,0.0271,,OPEN
2026-07-07,TDOC,"Teladoc Health, Inc.",B,COOLING,67.5,9.29,8.64,8.66,-0.0903,0.0386,-0.1029,Y,12.0,-0.0263,,OPEN
2026-07-07,CAKE,The Cheesecake Factory Incorpor,B,COOLING,60.0,76.89,73.03,84.46,0.0864,0.1307,-0.0277,,12.0,0.0347,,OPEN
2026-07-07,OSCR,"Oscar Health, Inc.",A,COOLING,71.4,31.44,28.81,28.92,-0.0707,0.0385,-0.1003,Y,12.0,-0.0016,,OPEN
2026-07-07,NUTX,Nutex Health Inc.,A,COOLING,75.8,193.54,178.32,153.56,-0.1828,0.0005,-0.2002,Y,12.0,-0.0507,,OPEN
2026-07-07,ATEX,Anterix Inc.,A,COOLING,73.3,106.04,96.05,100.42,-0.0048,0.1199,-0.0981,Y,12.0,0.0483,,OPEN
2026-07-07,TWST,Twist Bioscience Corporation,B,COOLING,66.0,99.93,90.76,92.44,0.0155,0.0705,-0.066,Y,12.0,0.0165,,OPEN
2026-07-07,BEAM,Beam Therapeutics Inc.,B,COOLING,63.7,35.32,31.61,25.91,-0.3167,-0.0037,-0.3228,Y,12.0,-0.1854,,OPEN
2026-07-07,HUM,Humana Inc.,B,COOLING,64.7,392.86,372.18,394.37,-0.0006,0.0868,-0.0238,,12.0,0.0308,,OPEN
2026-07-07,EXTR,"Extreme Networks, Inc.",B,COOLING,68.1,31.33,29.13,29.73,-0.0097,0.1236,-0.041,Y,12.0,0.0999,,OPEN
2026-07-07,CERS,Cerus Corporation,A,COOLING,77.5,3.28,3.0,2.87,-0.1087,0.0217,-0.1149,Y,12.0,-0.0466,,OPEN
2026-07-07,URGN,UroGen Pharma Ltd.,B,COOLING,63.7,37.41,34.76,42.5,0.1258,0.1637,-0.0318,,12.0,0.0381,,OPEN
2026-07-07,XMTR,"Xometry, Inc.",B,COOLING,65.7,94.29,86.59,86.51,-0.0708,0.1394,-0.0869,Y,12.0,0.0435,,OPEN
2026-07-07,MITK,"Mitek Systems, Inc.",B,COOLING,62.8,19.87,18.42,15.91,-0.1812,0.0268,-0.1853,Y,12.0,0.0015,,OPEN
2026-07-07,ADPT,Adaptive Biotechnologies Corpor,B,COOLING,63.6,21.5,19.74,22.31,0.0716,0.1119,-0.0504,,12.0,0.0293,,OPEN
2026-07-07,WRBY,Warby Parker Inc.,B,COOLING,60.6,29.22,26.66,24.31,-0.133,0.0638,-0.1619,Y,12.0,-0.0153,,OPEN
2026-07-07,NWPX,"NWPX Infrastructure, Inc.",B,COOLING,65.2,143.18,133.2,132.76,-0.0196,0.0425,-0.053,Y,12.0,0.0207,,OPEN
2026-07-07,ALTO,"Alto Ingredients, Inc.",B,COOLING,60.5,5.72,5.16,4.97,-0.1204,0.0761,-0.1398,Y,12.0,-0.0053,,OPEN
2026-07-07,ALGT,Allegiant Travel Company,B,COOLING,62.0,115.62,106.56,94.48,-0.1499,0.0362,-0.1838,Y,12.0,-0.0616,,OPEN
2026-07-07,FATE,"Fate Therapeutics, Inc.",B,COOLING,64.7,2.99,2.58,2.52,-0.1656,0.0695,-0.1821,Y,12.0,-0.0099,,OPEN
2026-07-07,PGEN,"Precigen, Inc.",B,COOLING,65.7,5.6,5.09,5.54,0.0054,0.0327,-0.127,Y,12.0,-0.0708,,OPEN
2026-07-07,BLZE,"Backblaze, Inc.",B,COOLING,63.5,15.3,13.64,12.76,-0.1944,0.1521,-0.221,Y,12.0,0.0448,,OPEN
2026-07-07,CLYM,"Climb Bio, Inc.",B,COOLING,62.0,13.27,11.81,12.76,-0.0492,0.0633,-0.1051,,12.0,-0.0134,,OPEN
2026-07-07,IRDM,Iridium Communications Inc,B,COOLING,60.7,52.59,47.23,47.64,-0.0675,0.0119,-0.1039,Y,12.0,-0.0436,,OPEN
2026-07-07,DDOG,"Datadog, Inc.",B,COOLING,62.2,255.37,236.79,244.39,-0.0484,0.0775,-0.0578,,12.0,0.0542,,OPEN
2026-07-07,EVC,Entravision Communications Corp,B,COOLING,62.4,12.58,11.3,10.53,-0.1151,0.0353,-0.1555,Y,12.0,-0.0294,,OPEN
2026-07-07,CYRX,"CryoPort, Inc.",B,BUY ZONE,63.3,15.23,14.18,16.03,0.0644,0.1215,-0.0292,,12.0,0.0671,,OPEN
2026-07-07,ASTH,Astrana Health Inc.,B,COOLING,64.2,46.91,43.96,40.99,-0.1286,0.0625,-0.172,Y,12.0,0.0417,,OPEN
2026-07-07,FDMT,"4D Molecular Therapeutics, Inc.",B,COOLING,60.6,12.72,11.38,10.38,-0.1903,0.0445,-0.1973,Y,12.0,-0.0874,,OPEN
2026-07-07,DFTX,"Definium Therapeutics, Inc.",B,COOLING,60.5,44.33,39.94,42.93,-0.0348,0.0904,-0.0654,,12.0,0.0337,,OPEN
2026-07-07,MEC,"Mayville Engineering Company, I",B,BUY ZONE,62.3,34.41,31.52,30.41,-0.0807,0.0698,-0.1436,Y,12.0,0.0426,,OPEN
2026-07-07,TNGX,"Tango Therapeutics, Inc.",B,COOLING,60.3,29.94,26.68,27.45,-0.0886,0.0681,-0.0993,,12.0,-0.0156,,OPEN
2026-07-07,MPTI,"M-tron Industries, Inc.",B,BUY ZONE,61.0,90.91,81.61,85.49,-0.0125,0.0424,-0.1671,Y,12.0,-0.043,,OPEN
2026-07-08,APEI,"American Public Education, Inc.",B,FRESH IGNITION,64.8,59.34,55.86,48.18,-0.1695,0.0262,-0.2013,Y,11.0,-0.1514,,OPEN
2026-07-08,SJM,The J.M. Smucker Company,B,COILED,61.6,113.24,108.43,115.71,0.0302,0.0518,-0.0434,Y,11.0,-0.0294,,OPEN
2026-07-08,VLY,Valley National Bancorp,B,COILED,61.3,14.87,14.4,14.45,-0.0014,0.0504,-0.0318,Y,11.0,0.0256,,OPEN
2026-07-08,VSEC,VSE Corporation,B,COILED,61.0,221.06,203.91,197.35,-0.0439,0.0548,-0.0895,Y,11.0,-0.012,,OPEN
2026-07-08,CUBE,CubeSmart,B,COILED,60.9,40.88,39.54,41.01,0.0268,0.0741,-0.0058,,11.0,0.013,,OPEN
2026-07-08,HBNC,"Horizon Bancorp, Inc.",B,COILED,60.7,19.64,18.98,20.05,0.0389,0.0705,-0.0135,,11.0,0.029,,OPEN
2026-07-08,WLFC,Willis Lease Finance Corporatio,B,COILED,60.7,221.88,205.23,67.49,-0.6942,0.0574,-0.7161,Y,10.0,-0.0624,,OPEN
2026-07-08,SPG,"Simon Property Group, Inc.",B,COILED,60.5,227.19,221.14,225.2,0.0279,0.0568,-0.0286,Y,11.0,0.0133,,OPEN
2026-07-08,D,"Dominion Energy, Inc.",B,COILED,60.2,69.83,67.94,71.46,0.0229,0.0448,-0.008,,11.0,0.0159,,OPEN
2026-07-08,GIII,"G-III Apparel Group, LTD.",B,COILED,60.1,33.92,32.18,34.48,0.0201,0.0749,-0.0142,,11.0,0.0417,,OPEN
2026-07-08,SBUX,Starbucks Corporation,B,COILED,60.0,103.61,99.61,103.21,-0.0064,0.0516,-0.0187,,11.0,0.0119,,OPEN
2026-07-08,MIRM,"Mirum Pharmaceuticals, Inc.",B,COOLING,69.9,128.31,119.51,114.36,-0.1105,0.0111,-0.1464,Y,11.0,-0.0589,,OPEN
2026-07-08,PTCT,"PTC Therapeutics, Inc.",A,COOLING,76.6,89.2,84.28,78.45,-0.1143,0.026,-0.1357,Y,11.0,-0.1099,,OPEN
2026-07-08,TGTX,"TG Therapeutics, Inc.",A,COOLING,75.4,58.06,54.31,55.5,-0.0302,0.0362,-0.104,Y,11.0,-0.0143,,OPEN
2026-07-08,DOC,"Healthpeak Properties, Inc.",B,COOLING,62.1,21.93,21.21,22.08,0.0189,0.0507,-0.0216,Y,11.0,-0.0014,,OPEN
2026-07-08,IMMX,"Immix Biopharma, Inc.",A,COOLING,73.1,12.02,10.74,8.8,-0.2,0.0443,-0.2118,Y,11.0,-0.0427,,OPEN
2026-07-08,NGNE,Neurogene Inc.,A,COOLING,81.7,36.8,33.16,35.57,-0.0698,0.1417,-0.0923,,11.0,0.0316,,OPEN
2026-07-08,ACA,"Arcosa, Inc.",B,COOLING,61.5,144.75,140.49,145.11,-0.0015,0.0026,-0.0065,,11.0,-0.0033,,OPEN
2026-07-08,SRRK,Scholar Rock Holding Corporatio,B,COOLING,67.2,56.56,53.07,49.48,-0.1169,0.0439,-0.1563,Y,11.0,-0.0355,,OPEN
2026-07-08,ACHC,"Acadia Healthcare Company, Inc.",B,COOLING,65.7,31.92,29.83,34.01,0.1064,0.1656,-0.0345,Y,11.0,0.0498,,OPEN
2026-07-08,NET,"Cloudflare, Inc.",A,COOLING,73.0,268.83,248.93,262.32,-0.0405,0.0644,-0.0469,,11.0,-0.0013,,OPEN
2026-07-08,IBKR,"Interactive Brokers Group, Inc.",B,COOLING,60.9,94.57,88.56,91.76,-0.0176,0.0468,-0.0592,Y,11.0,0.0429,,OPEN
2026-07-08,ETSY,"Etsy, Inc.",B,COOLING,64.6,77.59,72.97,80.91,0.0481,0.1288,-0.0115,,11.0,0.1106,,OPEN
2026-07-08,TVTX,"Travere Therapeutics, Inc.",B,COOLING,64.3,57.85,54.58,56.68,-0.0288,0.0281,-0.0918,Y,11.0,-0.0278,,OPEN
2026-07-08,KURA,"Kura Oncology, Inc.",B,COOLING,67.6,11.99,11.17,10.45,-0.1378,0.0083,-0.1601,Y,11.0,-0.0652,,OPEN
2026-07-08,ATEN,"A10 Networks, Inc.",B,COOLING,60.1,36.52,34.33,34.66,-0.0655,0.0377,-0.0709,,11.0,-0.0213,,OPEN
2026-07-08,TENB,"Tenable Holdings, Inc.",A,COOLING,74.3,40.62,37.54,31.62,-0.2001,0.1047,-0.2014,Y,11.0,0.0167,,OPEN
2026-07-08,SEPN,"Septerna, Inc.",B,COOLING,65.1,35.83,32.22,33.47,-0.0805,0.0451,-0.1607,Y,11.0,-0.064,,OPEN
2026-07-08,PBI,Pitney Bowes Inc.,B,BUY ZONE,62.8,17.04,16.12,17.85,0.0312,0.0843,-0.0012,,11.0,0.0508,,OPEN
2026-07-08,ANAB,"AnaptysBio, Inc.",B,COOLING,62.9,67.32,61.94,54.91,-0.1598,0.0851,-0.2393,Y,11.0,-0.1458,,OPEN
2026-07-08,SYRE,"Spyre Therapeutics, Inc.",B,COOLING,65.1,94.23,85.81,99.99,0.0481,0.1016,-0.0318,,11.0,0.0699,,OPEN
2026-07-08,KYMR,"Kymera Therapeutics, Inc.",B,COOLING,69.4,119.24,109.24,110.38,-0.0331,0.0564,-0.0592,Y,11.0,-0.0004,,OPEN
2026-07-08,EXTR,"Extreme Networks, Inc.",B,BUY ZONE,63.7,30.02,27.81,29.73,-0.0447,0.0839,-0.0749,,11.0,-0.0199,,OPEN
2026-07-08,BRKR,Bruker Corporation,B,BUY ZONE,62.1,58.25,54.18,62.15,0.0863,0.1096,-0.0421,,11.0,0.0253,,OPEN
2026-07-08,DELL,Dell Technologies Inc.,B,COOLING,64.2,417.28,371.41,439.34,0.0187,0.0729,-0.1477,Y,11.0,-0.0447,,OPEN
2026-07-08,VSXY,Victorias Secret & Co.,B,BUY ZONE,60.5,78.25,71.83,82.79,0.0811,0.1752,-0.0187,,11.0,0.1019,,OPEN
2026-07-09,AMLX,"Amylyx Pharmaceuticals, Inc.",B,COILED,65.1,17.88,16.39,17.59,-0.043,0.0261,-0.1012,,10.0,-0.074,,OPEN
2026-07-09,PSX,Phillips 66,B,COILED,64.4,187.81,179.33,206.98,0.0904,0.1383,-0.0197,,10.0,0.0606,,OPEN
2026-07-09,NUVL,"Nuvalent, Inc.",B,COILED,63.3,123.8,121.09,123.96,0.001,0.0013,0.0002,,8.0,0.001,,OPEN
2026-07-09,SENEA,Seneca Foods Corp.,B,COILED,62.6,177.76,165.65,164.13,-0.0611,0.0411,-0.0935,Y,10.0,-0.0291,,OPEN
2026-07-09,FR,"First Industrial Realty Trust, ",B,FRESH IGNITION,62.2,64.64,62.67,66.33,0.0222,0.0769,-0.0108,,10.0,0.0584,,OPEN
2026-07-09,OPY,"Oppenheimer Holdings, Inc.",B,COILED,61.2,112.37,105.16,109.85,-0.0516,0.064,-0.0963,Y,10.0,-0.0305,,OPEN
2026-07-09,VTR,"Ventas, Inc.",B,FRESH IGNITION,60.3,92.41,89.29,97.92,0.0674,0.0774,-0.0238,,10.0,0.036,,OPEN
2026-07-09,LYV,"Live Nation Entertainment, Inc.",B,COILED,60.1,182.14,174.64,176.06,-0.0357,0.0131,-0.0394,,10.0,-0.015,,OPEN
2026-07-09,DK,"Delek US Holdings, Inc.",B,COOLING,68.2,56.05,52.16,64.78,0.1549,0.2289,-0.0207,,10.0,0.0981,,OPEN
2026-07-09,PBF,PBF Energy Inc.,B,COOLING,69.8,52.9,49.01,61.95,0.1621,0.2817,-0.0302,,10.0,0.1431,,OPEN
2026-07-09,GKOS,Glaukos Corporation,B,COOLING,69.7,152.96,143.74,152.13,-0.019,0.0417,-0.0771,Y,10.0,0.0021,,OPEN
2026-07-09,XENE,Xenon Pharmaceuticals Inc.,B,COOLING,66.0,69.95,66.45,65.42,-0.0781,0.001,-0.0868,Y,10.0,-0.0561,,OPEN
2026-07-09,PENG,"Penguin Solutions, Inc.",A+,COOLING,94.0,78.47,65.96,58.41,-0.2823,0.0198,-0.361,Y,10.0,-0.1895,,OPEN
2026-07-09,ABUS,Arbutus Biopharma Corporation,B,COOLING,66.1,5.22,4.91,4.47,-0.1304,0.0117,-0.1732,Y,10.0,-0.0778,,OPEN
2026-07-09,LNTH,"Lantheus Holdings, Inc.",B,BUY ZONE,61.7,106.75,100.98,103.73,-0.0213,0.0329,-0.0486,Y,10.0,-0.0083,,OPEN
2026-07-09,CMPS,COMPASS Pathways Plc - American,B,COOLING,69.8,13.97,12.36,11.71,-0.139,0.0735,-0.1559,Y,10.0,-0.086,,OPEN
2026-07-09,AMBQ,"Ambiq Micro, Inc.",B,BUY ZONE,60.6,81.93,71.26,74.77,-0.1264,0.0366,-0.226,Y,10.0,-0.13,,OPEN
2026-07-09,AVR,Anteris Technologies Global Cor,B,BUY ZONE,65.3,9.71,8.75,8.19,-0.137,0.04,-0.1602,Y,10.0,-0.1212,,OPEN
2026-07-09,CEVA,"CEVA, Inc.",B,BUY ZONE,60.3,44.56,38.65,38.76,-0.1721,0.0023,-0.2394,Y,10.0,-0.1773,,OPEN
2026-07-10,TFIN,"Triumph Financial, Inc.",A,FRESH IGNITION,71.1,77.56,73.52,79.91,0.0187,0.0648,-0.0383,,9.0,0.0275,,OPEN
2026-07-10,SION,"Sionna Therapeutics, Inc.",B,FRESH IGNITION,67.9,44.94,40.63,44.06,-0.0272,0.1386,-0.0796,,9.0,0.091,,OPEN
2026-07-10,DSGN,"Design Therapeutics, Inc.",B,COILED,63.4,15.42,13.95,11.63,-0.2344,0.0007,-0.2423,Y,9.0,-0.1725,,OPEN
2026-07-10,ASML,ASML Holding N.V. - New York Re,B,COILED,63.1,1804.25,1663.18,1803.0,0.0032,0.0312,-0.0523,,9.0,-0.0277,,OPEN
2026-07-10,BAC,Bank of America Corporation,B,COILED,62.8,59.25,57.47,61.28,0.027,0.0411,-0.0168,,9.0,0.0271,,OPEN
2026-07-10,PRAX,"Praxis Precision Medicines, Inc",B,COILED,62.3,333.12,302.75,322.4,-0.008,0.0159,-0.0795,Y,9.0,-0.0326,,OPEN
2026-07-10,JBLU,JetBlue Airways Corporation,B,COILED,61.3,5.92,5.4,4.99,-0.1337,0.0,-0.1719,Y,9.0,-0.059,,OPEN
2026-07-10,ACA,"Arcosa, Inc.",B,COILED,61.2,144.97,141.14,145.11,0.0011,0.0052,-0.0039,,9.0,0.0004,,OPEN
2026-07-10,LNTH,"Lantheus Holdings, Inc.",B,COILED,60.6,105.99,100.28,103.73,-0.0181,0.0363,-0.0454,,9.0,0.0185,,OPEN
2026-07-10,SAIC,Science Applications Internatio,B,COILED,60.6,114.04,107.43,116.5,0.0345,0.0581,-0.0202,,9.0,0.0257,,OPEN
2026-07-10,FHB,"First Hawaiian, Inc.",B,COILED,60.5,30.01,29.03,28.65,-0.0491,-0.0106,-0.0953,Y,9.0,-0.0279,,OPEN
2026-07-10,CFR,"Cullen/Frost Bankers, Inc.",B,COILED,60.2,155.15,150.64,161.46,0.0293,0.0443,-0.0024,,9.0,0.0302,,OPEN
2026-07-10,PNC,"PNC Financial Services Group, I",B,COILED,60.1,250.91,243.21,249.26,-0.0026,0.0182,-0.0151,,9.0,0.0039,,OPEN
2026-07-10,CGON,"CG Oncology, Inc.",B,COILED,60.0,73.32,68.0,71.12,-0.0548,-0.006,-0.0962,Y,9.0,-0.0451,,OPEN
2026-07-10,WKC,World Kinect Corporation,B,COOLING,62.8,34.4,33.11,36.27,0.0269,0.0725,-0.0025,,9.0,0.0334,,OPEN
2026-07-10,PBI,Pitney Bowes Inc.,B,COOLING,67.0,17.7,16.79,17.85,-0.0262,0.024,-0.042,,9.0,0.0098,,OPEN
2026-07-10,VSTS,Vestis Corporation,B,COOLING,63.7,14.35,13.48,15.59,0.073,0.1631,-0.0131,,9.0,0.1356,,OPEN
2026-07-10,CYRX,"CryoPort, Inc.",B,COOLING,67.1,15.72,14.68,16.03,-0.0087,0.0445,-0.0959,Y,9.0,0.021,,OPEN
2026-07-10,SNOW,Snowflake Inc.,B,COOLING,68.9,267.49,248.15,265.13,0.0141,0.069,-0.0075,,9.0,0.0284,,OPEN
2026-07-10,AMD,"Advanced Micro Devices, Inc.",B,COOLING,66.1,546.72,490.53,539.69,-0.0326,0.0292,-0.1751,Y,9.0,-0.1114,,OPEN
2026-07-10,AMBQ,"Ambiq Micro, Inc.",B,COOLING,65.8,85.59,75.08,74.77,-0.1232,0.0403,-0.2231,Y,9.0,-0.1479,,OPEN
2026-07-10,CDNS,"Cadence Design Systems, Inc.",B,COOLING,61.2,385.95,364.43,330.46,-0.1398,0.0178,-0.1669,Y,9.0,-0.1407,,OPEN
2026-07-10,TXN,Texas Instruments Incorporated,B,COOLING,61.5,308.53,285.54,284.99,-0.085,0.0018,-0.12,Y,9.0,-0.0881,,OPEN
2026-07-10,AGL,"agilon health, inc.",B,COOLING,68.1,115.67,101.65,100.27,-0.1269,0.1584,-0.1375,Y,9.0,0.1284,,OPEN
2026-07-10,CEVA,"CEVA, Inc.",B,COOLING,66.4,46.82,40.91,38.76,-0.1489,-0.0154,-0.2181,Y,9.0,-0.1662,,OPEN
2026-07-10,TSHA,"Taysha Gene Therapies, Inc.",B,COOLING,60.6,6.57,5.98,5.83,-0.0804,-0.0079,-0.1625,Y,9.0,-0.0599,,OPEN
2026-07-10,NTAP,"NetApp, Inc.",B,COOLING,60.0,171.73,161.36,164.64,-0.025,0.0404,-0.0747,Y,9.0,-0.0295,,OPEN
2026-07-10,HELE,Helen of Troy Limited,B,BUY ZONE,61.2,27.43,24.6,26.84,0.019,0.1131,-0.0277,,9.0,0.0668,,OPEN
2026-07-10,CRDO,Credo Technology Group Holding ,B,COOLING,60.9,265.65,224.39,236.5,-0.0826,-0.0193,-0.279,Y,9.0,-0.2138,,OPEN
2026-07-10,SRRK,Scholar Rock Holding Corporatio,B,COILED,67.8,56.71,53.15,49.48,-0.1275,0.0045,-0.1664,Y,9.0,-0.0679,,OPEN
2026-07-10,MRX,Marex Group plc,B,COILED,67.4,65.78,60.5,64.24,-0.0234,0.0173,-0.1014,Y,9.0,-0.0854,,OPEN
2026-07-10,BCAX,Bicara Therapeutics Inc.,B,COILED,67.2,28.91,26.68,27.73,-0.0408,-0.0047,-0.0785,Y,9.0,-0.0398,,OPEN
2026-07-10,UHAL,U-Haul Holding Company,B,COILED,66.6,67.35,64.86,71.89,0.0674,0.0831,0.0009,,9.0,0.0584,,OPEN
2026-07-10,MIRM,"Mirum Pharmaceuticals, Inc.",B,COILED,65.9,122.13,113.27,114.36,-0.0636,-0.0026,-0.1014,Y,9.0,-0.0268,,OPEN
2026-07-10,TNGX,"Tango Therapeutics, Inc.",B,COILED,64.5,31.06,27.87,27.45,-0.1162,-0.0095,-0.1265,Y,9.0,-0.0805,,OPEN
2026-07-10,MS,Morgan Stanley,B,COILED,63.9,222.28,213.69,215.18,-0.0319,0.0449,-0.0669,Y,9.0,-0.0306,,OPEN
2026-07-10,FLG,"Flagstar Bank, N.A.",B,COILED,63.4,15.09,14.53,14.71,-0.0252,0.0232,-0.0378,Y,9.0,-0.0129,,OPEN
2026-07-10,KURA,"Kura Oncology, Inc.",B,COILED,62.5,11.45,10.61,10.45,-0.0873,0.0044,-0.1109,Y,9.0,-0.0515,,OPEN
2026-07-10,ASB,Associated Banc-Corp,B,COILED,62.2,30.6,29.62,30.26,-0.0111,0.0402,-0.019,,9.0,0.0242,,OPEN
2026-07-10,PTCT,"PTC Therapeutics, Inc.",B,COILED,61.8,84.85,79.34,78.45,-0.0754,-0.0138,-0.0978,Y,9.0,-0.0738,,OPEN
2026-07-10,NAT,Nordic American Tankers Limited,B,COILED,61.8,6.17,5.74,6.42,0.0405,0.06,-0.034,,9.0,-0.0186,,OPEN
2026-07-10,CNOB,"ConnectOne Bancorp, Inc.",B,COILED,61.4,32.38,31.15,31.4,-0.0303,0.0544,-0.0534,Y,9.0,0.0324,,OPEN
2026-07-10,C,"Citigroup, Inc.",B,COILED,61.0,140.79,135.72,131.88,-0.0633,0.0249,-0.0974,Y,9.0,-0.0811,,OPEN
2026-07-10,USB,U.S. Bancorp,B,COILED,60.7,62.41,60.55,63.33,0.0147,0.0389,-0.0093,,9.0,0.0122,,OPEN
2026-07-10,FDMT,"4D Molecular Therapeutics, Inc.",B,COILED,60.7,12.31,10.94,10.38,-0.1568,-0.0154,-0.1641,Y,9.0,-0.1072,,OPEN
2026-07-10,IBKR,"Interactive Brokers Group, Inc.",B,COILED,60.3,94.09,88.32,91.76,-0.0248,0.0391,-0.0661,Y,9.0,-0.0378,,OPEN
2026-07-10,HWC,Hancock Whitney Corporation,B,COILED,60.2,75.41,73.09,75.68,0.0036,0.0524,-0.0088,,9.0,0.0404,,OPEN
2026-07-10,HST,"Host Hotels & Resorts, Inc.",B,COILED,60.0,23.18,22.39,23.96,0.0336,0.0638,-0.0082,,9.0,0.0328,,OPEN
2026-07-10,IIPR,Innovative Industrial Propertie,B,COOLING,61.2,64.44,61.93,61.27,-0.0492,0.0146,-0.0619,Y,9.0,-0.0053,,OPEN
2026-07-10,CROX,"Crocs, Inc.",A,COOLING,72.6,132.78,125.18,132.47,-0.0023,0.0575,-0.0423,,9.0,0.0328,,OPEN
2026-07-10,CVS,CVS Health Corporation,B,COOLING,65.0,104.15,100.43,106.89,0.0263,0.0627,-0.0057,,9.0,0.0319,,OPEN
2026-07-10,EAT,"Brinker International, Inc.",A,COOLING,74.3,185.26,173.8,185.0,-0.0014,0.0601,-0.0412,,9.0,0.0221,,OPEN
2026-07-10,MNPR,Monopar Therapeutics Inc.,A+,COOLING,85.3,106.6,96.28,105.7,-0.0084,0.0941,-0.0813,,9.0,0.0424,,OPEN
2026-07-10,MRVI,"Maravai LifeSciences Holdings, ",B,COOLING,64.9,6.09,5.66,7.05,0.1576,0.2217,-0.0149,,9.0,0.1888,,OPEN
2026-07-10,CDNS,"Cadence Design Systems, Inc.",B,BUY ZONE,60.4,384.17,363.19,330.46,-0.1398,0.0178,-0.1669,Y,9.0,-0.1407,,OPEN
2026-07-10,RAL,Ralliant Corporation,B,BUY ZONE,60.9,69.25,65.47,70.33,0.0156,0.0463,-0.0658,Y,9.0,0.0129,,OPEN
2026-07-10,ZVRA,"Zevra Therapeutics, Inc.",B,BUY ZONE,62.7,13.35,12.23,12.52,-0.0622,-0.0015,-0.1154,Y,9.0,-0.0434,,OPEN
2026-07-10,ICHR,Ichor Holdings,B,COOLING,65.4,100.3,86.5,94.02,-0.0626,-0.009,-0.2291,Y,9.0,-0.1738,,OPEN
2026-07-10,ATLC,Atlanticus Holdings Corporation,B,COOLING,62.0,99.26,89.87,95.62,-0.0367,0.0536,-0.0763,,9.0,0.0143,,OPEN
2026-07-13,DNTH,"Dianthus Therapeutics, Inc.",A,COILED,70.2,98.64,90.43,104.79,0.0623,0.0948,-0.0774,,8.0,0.0239,,OPEN
2026-07-13,PVLA,"Palvella Therapeutics, Inc.",B,COILED,64.1,146.03,132.17,143.21,-0.0193,0.0825,-0.1741,Y,8.0,-0.1498,,OPEN
2026-07-13,FNB,F.N.B. Corporation,B,FRESH IGNITION,63.3,18.93,18.38,18.87,-0.0032,0.0349,-0.0222,,8.0,-0.0095,,OPEN
2026-07-13,MITK,"Mitek Systems, Inc.",B,COILED,63.1,19.38,17.9,15.91,-0.1791,0.0294,-0.1832,Y,8.0,-0.0351,,OPEN
2026-07-13,JCI,Johnson Controls International ,B,COILED,62.9,143.93,136.36,143.29,-0.0044,0.0231,-0.0472,,8.0,-0.0317,,OPEN
2026-07-13,RELY,"Remitly Global, Inc.",B,COILED,62.0,23.68,22.34,22.87,-0.0342,0.0874,-0.0549,,8.0,0.0076,,OPEN
2026-07-13,EIG,Employers Holdings Inc,B,COILED,61.6,51.26,49.66,49.49,-0.0345,-0.0041,-0.0611,Y,8.0,-0.0172,,OPEN
2026-07-13,CTVA,"Corteva, Inc.",B,COILED,61.4,86.07,82.99,88.78,0.0315,0.0386,-0.0359,Y,8.0,0.0082,,OPEN
2026-07-13,DOC,"Healthpeak Properties, Inc.",B,COILED,61.1,21.73,21.04,22.08,0.0207,0.0526,-0.0097,,8.0,0.0258,,OPEN
2026-07-13,FRT,Federal Realty Investment Trust,B,COILED,60.8,121.84,118.97,124.83,0.0245,0.0412,-0.0064,,8.0,0.0308,,OPEN
2026-07-13,FITB,Fifth Third Bancorp,B,COILED,60.0,57.18,55.39,57.15,-0.0005,0.0406,-0.0381,Y,8.0,0.0038,,OPEN
2026-07-13,LSTR,"Landstar System, Inc.",B,COILED,60.0,212.87,203.92,207.97,-0.023,0.0168,-0.037,,8.0,-0.008,,OPEN
2026-07-13,ELV,"Elevance Health, Inc.",B,COOLING,60.2,425.17,408.38,379.31,-0.1079,0.026,-0.1406,Y,8.0,-0.101,,OPEN
2026-07-13,VLO,Valero Energy Corporation,B,COOLING,66.1,295.79,280.1,305.26,0.032,0.0827,-0.0286,,8.0,0.0592,,OPEN
2026-07-13,MPC,Marathon Petroleum Corporation,B,COOLING,64.1,296.88,283.4,312.27,0.0518,0.1012,-0.0056,,8.0,0.0621,,OPEN
2026-07-13,MSM,"MSC Industrial Direct Company, ",B,COOLING,61.3,123.99,118.77,125.83,0.0148,0.0381,-0.0219,,8.0,0.0015,,OPEN
2026-07-13,ROKU,"Roku, Inc.",B,COOLING,61.4,142.34,137.11,141.67,-0.0047,0.024,-0.0086,,8.0,0.0126,,OPEN
2026-07-13,PRG,"PROG Holdings, Inc.",B,COOLING,62.0,44.63,41.93,43.6,-0.0231,0.0695,-0.0336,,8.0,0.0085,,OPEN
2026-07-13,TVTX,"Travere Therapeutics, Inc.",B,BUY ZONE,65.0,56.29,52.84,56.68,0.0069,0.0659,-0.0584,,8.0,-0.0146,,OPEN
2026-07-13,AMD,"Advanced Micro Devices, Inc.",B,BUY ZONE,66.4,534.39,480.61,539.69,0.0099,0.0745,-0.1388,Y,8.0,-0.0577,,OPEN
2026-07-13,SEPN,"Septerna, Inc.",B,BUY ZONE,63.6,34.36,30.8,33.47,-0.0259,0.0294,-0.1109,Y,8.0,-0.0626,,OPEN
2026-07-14,ETN,"Eaton Corporation, PLC",B,COILED,64.2,415.52,390.9,415.07,-0.0011,0.0084,-0.0807,Y,7.0,-0.0261,,OPEN
2026-07-14,AHR,"American Healthcare REIT, Inc.",B,COILED,63.1,54.73,52.54,56.38,0.0301,0.0601,-0.0148,,7.0,0.0554,,OPEN
2026-07-14,WELL,Welltower Inc.,B,COILED,62.3,236.0,228.22,247.05,0.0468,0.0598,-0.0156,,7.0,0.0408,,OPEN
2026-07-14,NLY,Annaly Capital Management Inc.,B,COILED,60.8,23.01,22.41,22.31,-0.0304,0.0204,-0.0426,Y,7.0,-0.0178,,OPEN
2026-07-14,BRX,Brixmor Property Group Inc.,B,COILED,60.5,31.64,30.87,31.97,0.0104,0.0386,-0.0149,,7.0,0.0296,,OPEN
2026-07-14,ROKU,"Roku, Inc.",B,COILED,60.5,141.76,136.77,141.67,-0.0006,0.0281,-0.0036,,7.0,0.0178,,OPEN
2026-07-14,IMMX,"Immix Biopharma, Inc.",B,COILED,60.3,10.68,9.41,8.8,-0.176,0.0187,-0.1882,Y,7.0,-0.1086,,OPEN
2026-07-14,VTR,"Ventas, Inc.",B,COILED,60.1,92.4,89.47,97.92,0.0597,0.0697,-0.007,,7.0,0.0492,,OPEN
2026-07-14,CHCO,City Holding Company,B,COILED,60.0,134.17,129.93,137.56,0.032,0.0483,-0.0085,,7.0,0.0169,,OPEN
2026-07-14,TMHC,Taylor Morrison Home Corporatio,B,COOLING,61.7,71.94,71.23,72.45,0.0071,0.0075,-0.0019,,7.0,0.0072,,OPEN
2026-07-14,WTTR,"Select Water Solutions, Inc.",B,COOLING,64.2,20.32,19.16,20.84,0.0256,0.0659,-0.0433,,7.0,0.0098,,OPEN
2026-07-14,MNST,Monster Beverage Corporation,B,COOLING,61.4,98.0,95.13,93.56,-0.0454,0.0238,-0.0499,Y,7.0,-0.0318,,OPEN
2026-07-14,EPC,Edgewell Personal Care Company,A,COOLING,72.5,27.45,25.66,26.69,-0.0277,0.0874,-0.1064,Y,7.0,0.008,,OPEN
2026-07-14,TKR,Timken Company (The),B,BUY ZONE,64.3,139.6,132.82,140.89,0.0092,0.0256,-0.0507,Y,7.0,-0.0061,,OPEN
2026-07-14,VSXY,Victorias Secret & Co.,B,COOLING,64.9,81.92,76.03,82.79,0.0106,0.0986,-0.0229,,7.0,0.0641,,OPEN
2026-07-15,XHR,"Xenia Hotels & Resorts, Inc.",B,COILED,64.7,20.28,19.59,21.03,0.0209,0.0432,-0.0087,,6.0,0.0367,,OPEN
2026-07-15,MEC,"Mayville Engineering Company, I",B,COOLING,62.7,34.49,31.52,30.41,-0.1037,0.032,-0.165,Y,6.0,-0.0976,,OPEN
2026-07-16,ACHC,"Acadia Healthcare Company, Inc.",A,COILED,70.0,32.27,29.94,34.01,0.0119,0.0661,-0.0268,,5.0,0.0119,,OPEN
2026-07-16,MS,Morgan Stanley,B,FRESH IGNITION,69.6,228.55,218.96,215.18,-0.0146,0.0063,-0.0502,Y,5.0,-0.0146,,OPEN
2026-07-16,GGB,Gerdau S.A.,B,FRESH IGNITION,66.0,4.8,4.58,4.77,0.0106,0.0201,-0.0233,,5.0,0.0106,,OPEN
2026-07-16,WABC,Westamerica Bancorporation,B,COILED,63.0,59.02,57.31,60.31,-0.0344,0.0184,-0.0975,Y,5.0,-0.0344,,OPEN
2026-07-16,SION,"Sionna Therapeutics, Inc.",B,COILED,62.6,44.38,39.99,44.06,-0.0272,0.1386,-0.0479,,5.0,-0.0272,,OPEN
2026-07-16,SNDX,"Syndax Pharmaceuticals, Inc.",B,COILED,62.5,23.52,21.77,21.21,-0.0661,0.0326,-0.0678,Y,5.0,-0.0661,,OPEN
2026-07-16,BY,"Byline Bancorp, Inc.",B,COILED,62.1,37.48,36.44,37.64,-0.0279,-0.0023,-0.0436,,5.0,-0.0279,,OPEN
2026-07-16,STGW,Stagwell Inc.,B,COILED,62.0,7.59,7.1,7.09,-0.0732,0.0026,-0.0941,Y,5.0,-0.0732,,OPEN
2026-07-16,HCSG,"Healthcare Services Group, Inc.",B,COILED,61.9,24.36,23.26,22.42,-0.1026,0.024,-0.1493,Y,5.0,-0.1026,,OPEN
2026-07-16,ZD,"Ziff Davis, Inc.",B,COILED,61.5,52.1,49.45,51.81,-0.0339,0.025,-0.0503,,5.0,-0.0339,,OPEN
2026-07-16,GBCI,"Glacier Bancorp, Inc.",B,COILED,61.4,52.71,50.98,50.65,-0.0708,-0.0028,-0.0871,Y,5.0,-0.0708,,OPEN
2026-07-16,LTC,"LTC Properties, Inc.",B,FRESH IGNITION,61.1,40.06,39.02,41.77,0.0024,0.0319,-0.0113,,5.0,0.0024,,OPEN
2026-07-16,CBL,"CBL & Associates Properties, In",B,COILED,61.1,53.08,50.58,55.98,0.0325,0.0502,-0.0122,,5.0,0.0325,,OPEN
2026-07-16,SPB,"Spectrum Brands Holdings, Inc.",B,COILED,60.9,87.67,83.6,87.43,-0.0242,0.0112,-0.0403,,5.0,-0.0242,,OPEN
2026-07-16,TGT,Target Corporation,B,COILED,60.8,138.29,132.03,134.47,-0.0409,0.0299,-0.0546,,5.0,-0.0409,,OPEN
2026-07-16,AGNC,AGNC Investment Corp.,B,COILED,60.7,11.32,11.02,10.56,-0.0761,-0.0026,-0.0849,Y,5.0,-0.0761,,OPEN
2026-07-16,HSIC,"Henry Schein, Inc.",B,COILED,60.1,87.16,84.21,84.53,-0.0423,0.0077,-0.0574,Y,5.0,-0.0423,,OPEN
2026-07-16,BAC,Bank of America Corporation,B,COOLING,67.9,61.59,59.7,61.28,-0.0034,0.0102,-0.0231,,5.0,-0.0034,,OPEN
2026-07-16,AMG,"Affiliated Managers Group, Inc.",B,COOLING,69.2,379.59,364.21,347.77,-0.077,0.001,-0.1292,Y,5.0,-0.077,,OPEN
2026-07-16,CHE,Chemed Corp,B,COOLING,62.9,492.65,474.52,503.01,0.003,0.0324,-0.0154,,5.0,0.003,,OPEN
2026-07-16,BLFS,"BioLife Solutions, Inc.",B,COOLING,62.3,29.15,27.34,30.77,0.0169,0.0644,-0.0582,,5.0,0.0169,,OPEN
2026-07-16,HELE,Helen of Troy Limited,B,COOLING,65.0,28.05,25.32,26.84,-0.0638,0.0098,-0.1067,,5.0,-0.0638,,OPEN
2026-07-16,COMP,"Compass, Inc.",B,COOLING,62.7,12.65,11.67,10.78,-0.1149,0.0029,-0.1371,Y,5.0,-0.1149,,OPEN
2026-07-16,ERAS,"Erasca, Inc.",A,COOLING,70.3,21.26,19.34,19.34,0.0168,0.0436,-0.0468,Y,5.0,0.0168,,OPEN
2026-07-16,SHLS,"Shoals Technologies Group, Inc.",B,COOLING,61.4,11.5,10.16,9.89,-0.0612,0.0269,-0.0883,Y,5.0,-0.0612,,OPEN
2026-07-17,SYRE,"Spyre Therapeutics, Inc.",B,COILED,64.8,94.12,84.79,99.99,-0.0024,0.0307,-0.0322,,4.0,,,OPEN
2026-07-17,PRSU,Pursuit Attractions and Hospita,B,COILED,63.8,53.17,50.62,51.58,-0.0295,0.0124,-0.048,Y,4.0,,,OPEN
2026-07-17,V,Visa Inc.,B,COILED,63.4,365.14,352.62,351.6,-0.0194,0.0124,-0.0281,Y,4.0,,,OPEN
2026-07-17,PLD,"Prologis, Inc.",B,COILED,63.1,150.06,145.06,145.1,-0.0313,0.0015,-0.0499,Y,4.0,,,OPEN
2026-07-17,WPC,W. P. Carey Inc. REIT,B,COILED,63.0,75.12,73.09,75.2,-0.0087,0.0053,-0.0169,,4.0,,,OPEN
2026-07-17,PB,"Prosperity Bancshares, Inc.",B,COILED,63.0,74.73,72.53,72.68,-0.011,0.0011,-0.0283,Y,4.0,,,OPEN
2026-07-17,CBSH,"Commerce Bancshares, Inc.",B,COILED,62.9,59.4,57.77,58.65,-0.0083,0.0056,-0.0225,,4.0,,,OPEN
2026-07-17,HOPE,"Hope Bancorp, Inc.",B,COILED,62.7,13.98,13.55,13.44,-0.0218,0.0036,-0.0415,Y,4.0,,,OPEN
2026-07-17,FAF,First American Corporation (New,B,COILED,62.6,72.01,69.29,68.96,-0.0557,0.004,-0.0598,Y,4.0,,,OPEN
2026-07-17,AUB,Atlantic Union Bankshares Corpo,B,COILED,62.5,43.25,41.83,42.16,-0.0115,0.0038,-0.0375,Y,4.0,,,OPEN
2026-07-17,SLAB,"Silicon Laboratories, Inc.",B,COILED,62.4,218.37,216.18,216.76,-0.0033,0.0029,-0.0066,Y,4.0,,,OPEN
2026-07-17,BHRB,Burke & Herbert Financial Servi,B,COILED,62.3,72.85,70.32,70.77,-0.0108,0.0029,-0.0246,Y,4.0,,,OPEN
2026-07-17,BFC,Bank First Corporation,B,COILED,62.1,153.21,147.59,147.39,0.0052,0.0128,-0.0591,Y,4.0,,,OPEN
2026-07-17,MRK,"Merck & Company, Inc.",B,COILED,62.0,127.63,122.29,130.48,0.0234,0.0278,-0.0267,,4.0,,,OPEN
2026-07-17,CTRE,"CareTrust REIT, Inc.",B,COILED,61.5,41.97,40.42,42.35,-0.0124,0.0168,-0.018,,4.0,,,OPEN
2026-07-17,DX,"Dynex Capital, Inc.",B,FRESH IGNITION,61.4,13.53,13.18,12.6,-0.0548,0.0083,-0.06,Y,4.0,,,OPEN
2026-07-17,SON,Sonoco Products Company,B,COILED,61.1,56.18,53.62,56.32,-0.0044,0.0156,-0.0444,,4.0,,,OPEN
2026-07-17,RYZ,Ryerson Holding Corporation,B,COILED,61.0,29.41,27.64,29.71,0.0037,0.0503,-0.026,,4.0,,,OPEN
2026-07-17,M,Macy's Inc,B,COILED,60.6,24.12,22.72,23.33,-0.0148,0.0393,-0.027,,4.0,,,OPEN
2026-07-17,NBN,Northeast Bank,B,COILED,60.2,136.31,129.83,127.82,-0.0352,0.016,-0.0519,Y,4.0,,,OPEN
2026-07-17,AHR,"American Healthcare REIT, Inc.",B,COOLING,66.5,56.59,54.3,56.38,-0.0136,0.015,-0.0192,,4.0,,,OPEN
2026-07-17,CFR,"Cullen/Frost Bankers, Inc.",B,COOLING,67.1,163.52,159.01,161.46,-0.0012,0.0086,-0.0147,,4.0,,,OPEN
2026-07-17,LTC,"LTC Properties, Inc.",B,COOLING,67.1,41.67,40.53,41.77,0.0005,0.0299,-0.0132,,4.0,,,OPEN
2026-07-17,BY,"Byline Bancorp, Inc.",B,COOLING,67.1,38.72,37.6,37.64,-0.011,0.0021,-0.0271,Y,4.0,,,OPEN
2026-07-17,PSX,Phillips 66,B,COOLING,63.3,201.32,192.46,206.98,0.0006,0.0446,-0.0053,,4.0,,,OPEN
2026-07-17,ATAI,AtaiBeckley Inc.,A,COOLING,73.3,7.15,6.38,7.17,-0.0069,-0.0014,-0.0166,,4.0,,,OPEN
2026-07-17,MATX,"Matson, Inc.",B,COOLING,64.1,223.55,212.64,213.59,-0.0387,0.0082,-0.1291,Y,4.0,,,OPEN
2026-07-17,CARE,"Carter Bankshares, Inc.",B,COOLING,62.3,33.06,31.68,33.9,0.0165,0.0223,-0.06,Y,4.0,,,OPEN
2026-07-17,LIND,Lindblad Expeditions Holdings I,B,COOLING,62.6,27.51,25.8,27.04,-0.0228,0.0358,-0.0484,,4.0,,,OPEN
2026-07-17,VVV,Valvoline Inc.,B,COILED,64.3,39.97,38.17,38.31,-0.0415,0.0086,-0.0495,Y,4.0,,,OPEN
2026-07-17,RHP,"Ryman Hospitality Properties, I",B,COILED,63.4,126.67,121.99,128.89,0.0175,0.0347,-0.0051,,4.0,,,OPEN
2026-07-17,CB,Chubb Limited,B,FRESH IGNITION,63.3,352.16,340.11,353.25,0.0031,0.0095,-0.0401,Y,4.0,,,OPEN
2026-07-17,TKR,Timken Company (The),B,COILED,63.2,137.78,130.74,140.89,0.0226,0.0392,-0.0321,,4.0,,,OPEN
2026-07-17,SCHL,Scholastic Corporation,B,COILED,62.7,46.96,45.01,46.44,-0.0111,0.0155,-0.0298,,4.0,,,OPEN
2026-07-17,ALTO,"Alto Ingredients, Inc.",B,COILED,62.3,5.84,5.21,4.97,-0.149,0.036,-0.1678,Y,4.0,,,OPEN
2026-07-17,ABBV,AbbVie Inc.,B,COILED,62.0,254.49,244.62,256.92,0.0095,0.0153,-0.0088,,4.0,,,OPEN
2026-07-17,ESNT,Essent Group Ltd.,B,COILED,61.5,66.71,64.56,64.42,-0.0343,0.0025,-0.0439,Y,4.0,,,OPEN
2026-07-17,MSGS,Madison Square Garden Sports Co,B,COILED,61.4,396.87,379.48,394.3,-0.0065,0.0234,-0.0113,,4.0,,,OPEN
2026-07-17,COGT,"Cogent Biosciences, Inc.",B,COILED,60.5,39.08,36.5,40.24,0.0297,0.033,-0.0266,,4.0,,,OPEN
2026-07-17,SNDA,"Sonida Senior Living, Inc.",B,COILED,60.4,40.84,38.43,40.17,-0.0164,0.0247,-0.0387,,4.0,,,OPEN
2026-07-17,SEPN,"Septerna, Inc.",B,COILED,60.2,33.4,29.64,33.47,0.0021,0.0512,-0.0464,,4.0,,,OPEN
2026-07-17,FFIV,"F5, Inc.",B,COILED,60.0,409.1,387.21,388.08,-0.0514,0.0263,-0.0545,Y,4.0,,,OPEN
2026-07-17,XHR,"Xenia Hotels & Resorts, Inc.",B,COOLING,67.3,21.0,20.29,21.03,0.0014,0.0233,-0.0055,,4.0,,,OPEN
2026-07-17,AAPL,Apple Inc.,B,COOLING,60.7,333.74,321.54,321.66,-0.0362,-0.0001,-0.0431,Y,4.0,,,OPEN
2026-07-17,RHI,Robert Half Inc.,A,COOLING,70.0,41.8,38.97,37.9,-0.0933,0.0108,-0.0998,Y,4.0,,,OPEN
2026-07-17,HCSG,"Healthcare Services Group, Inc.",B,COOLING,69.2,25.31,24.21,22.42,-0.114,0.0111,-0.16,Y,4.0,,,OPEN
2026-07-17,GPRE,"Green Plains, Inc.",B,COOLING,69.9,19.23,17.93,17.2,-0.1056,-0.0005,-0.1253,Y,4.0,,,OPEN
2026-07-17,PVLA,"Palvella Therapeutics, Inc.",A,COOLING,76.3,157.24,143.33,143.21,-0.0893,0.002,-0.233,Y,4.0,,,OPEN
2026-07-17,ORKA,"Oruka Therapeutics, Inc.",A,COOLING,73.6,92.7,84.34,91.95,-0.0081,0.0385,-0.0314,,4.0,,,OPEN
2026-07-17,MAN,ManpowerGroup,A,COOLING,80.2,52.34,47.99,49.95,-0.0457,0.0334,-0.0552,,4.0,,,OPEN
2026-07-17,RAL,Ralliant Corporation,B,COOLING,62.9,70.17,66.15,70.33,0.0023,0.0326,-0.0143,,4.0,,,OPEN
2026-07-17,CADL,"Candel Therapeutics, Inc.",B,COOLING,66.6,10.18,9.23,9.86,-0.0314,0.0403,-0.0619,,4.0,,,OPEN
2026-07-17,IOVA,"Iovance Biotherapeutics, Inc.",A,COOLING,72.4,5.0,4.41,5.13,0.026,0.128,-0.04,,4.0,,,OPEN
2026-07-17,ACHV,"Achieve Life Sciences, Inc.",B,COOLING,60.5,6.27,5.58,6.17,-0.0159,0.059,-0.0335,,4.0,,,OPEN
2026-07-17,CLYM,"Climb Bio, Inc.",B,BUY ZONE,64.0,12.7,11.14,12.76,0.0047,0.0409,-0.0441,,4.0,,,OPEN
2026-07-21,GEV,GE Vernova Inc.,B,COILED,62.7,1079.18,990.44,1031.19,-0.0441,-0.0343,-0.0934,Y,2.0,,,OPEN
2026-07-21,BYD,Boyd Gaming Corporation,B,COILED,61.6,88.17,84.89,86.64,-0.0061,0.0069,-0.0245,,2.0,,,OPEN
2026-07-21,NTRA,"Natera, Inc.",B,COILED,61.2,262.63,245.51,264.69,-0.0093,0.0186,-0.035,,2.0,,,OPEN
2026-07-21,PTGX,"Protagonist Therapeutics, Inc.",B,COILED,61.0,134.27,124.87,135.43,-0.0208,0.0082,-0.0456,,2.0,,,OPEN
2026-07-21,FRT,Federal Realty Investment Trust,B,FRESH IGNITION,60.5,125.59,122.7,124.83,-0.0061,0.0061,-0.0119,,2.0,,,OPEN
2026-07-21,EVER,"EverQuote, Inc.",A,COOLING,72.1,27.54,25.59,24.5,-0.0899,-0.0082,-0.0966,Y,2.0,,,OPEN
2026-07-21,FFIV,"F5, Inc.",B,BUY ZONE,60.5,411.92,390.44,388.08,-0.0505,-0.0003,-0.0537,Y,2.0,,,OPEN
2026-07-21,VCYT,"Veracyte, Inc.",B,BUY ZONE,61.2,57.26,53.18,57.88,-0.0277,0.0003,-0.0356,,2.0,,,OPEN
2026-07-21,LQDA,Liquidia Corporation,B,BUY ZONE,60.9,77.08,70.01,89.03,0.1006,0.1236,-0.0384,,2.0,,,OPEN
2026-07-21,DMRA,"Damora Therapeutics, Inc.",B,COOLING,62.4,32.99,29.14,29.17,-0.1158,0.0091,-0.1437,Y,2.0,,,OPEN
2026-07-22,TIGO,Millicom International Cellular,B,COILED,66.7,98.61,93.32,96.25,-0.0165,0.003,-0.0221,,1.0,,,OPEN
2026-07-22,PRLB,"Proto Labs, Inc.",B,COILED,63.1,80.85,76.58,78.62,-0.0139,0.0079,-0.0223,,1.0,,,OPEN
2026-07-22,TRIN,Trinity Capital Inc.,B,COILED,62.5,17.93,17.42,17.46,-0.0077,-0.0031,-0.0168,Y,1.0,,,OPEN
2026-07-22,FNB,F.N.B. Corporation,B,COILED,62.4,19.09,18.47,18.87,0.0005,0.0024,-0.0154,,1.0,,,OPEN
2026-07-22,AVT,"Avnet, Inc.",B,COILED,60.7,89.85,85.11,89.92,-0.0023,0.0132,-0.0088,,1.0,,,OPEN
2026-07-22,NOV,NOV Inc.,B,COILED,60.4,20.19,19.3,20.13,-0.0098,0.0175,-0.0133,,1.0,,,OPEN
2026-07-22,ESE,ESCO Technologies Inc.,B,COILED,60.0,332.16,314.18,331.41,0.0167,0.0263,0.008,,1.0,,,OPEN
2026-07-22,FEIM,"Frequency Electronics, Inc.",A,COOLING,79.0,79.85,70.03,73.24,0.0117,0.0395,-0.0152,,1.0,,,OPEN
2026-07-22,WELL,Welltower Inc.,B,COOLING,66.9,246.37,238.54,247.05,0.0082,0.0207,-0.0062,,1.0,,,OPEN
2026-07-22,HXL,Hexcel Corporation,A,COOLING,70.9,108.67,103.89,109.89,0.0307,0.0412,0.0007,,1.0,,,OPEN
2026-07-22,LNTH,"Lantheus Holdings, Inc.",B,COOLING,62.8,107.95,102.14,103.73,-0.0084,0.0009,-0.0341,Y,1.0,,,OPEN
2026-07-22,NTRA,"Natera, Inc.",B,BUY ZONE,63.7,267.18,249.89,264.69,0.0018,0.03,-0.01,,1.0,,,OPEN
2026-07-23,HXL,Hexcel Corporation,B,FRESH IGNITION,67.0,106.62,101.83,106.62,0.0,,,,0.0,,,OPEN
2026-07-23,GM,General Motors Company,B,FRESH IGNITION,65.8,82.13,78.41,82.13,0.0,,,,0.0,,,OPEN
2026-07-23,GS,"Goldman Sachs Group, Inc. (The)",B,COILED,61.3,1098.2,1043.37,1098.2,0.0,,,,0.0,,,OPEN
2026-07-23,HALO,"Halozyme Therapeutics, Inc.",B,COILED,61.3,77.82,74.27,77.82,0.0,,,,0.0,,,OPEN
2026-07-23,REG,Regency Centers Corporation,B,COILED,61.2,82.22,80.25,82.22,0.0,,,,0.0,,,OPEN
2026-07-23,CCEP,Coca-Cola Europacific Partners ,B,COILED,61.1,105.88,102.46,105.88,0.0,,,,0.0,,,OPEN
2026-07-23,ETR,Entergy Corporation,B,COILED,60.6,114.88,111.48,114.88,0.0,,,,0.0,,,OPEN
2026-07-23,CBL,"CBL & Associates Properties, In",A,COOLING,70.4,56.91,54.27,56.91,0.0,,,,0.0,,,OPEN
2026-07-23,ADM,Archer-Daniels-Midland Company,B,COOLING,60.6,87.32,84.43,87.32,0.0,,,,0.0,,,OPEN
2026-07-23,MLKN,"MillerKnoll, Inc.",B,COOLING,69.3,21.9,20.43,21.9,0.0,,,,0.0,,,OPEN
2026-07-23,CARE,"Carter Bankshares, Inc.",B,BUY ZONE,60.9,32.92,31.56,32.92,0.0,,,,0.0,,,OPEN
2026-07-23,HUM,Humana Inc.,B,BUY ZONE,62.6,397.6,376.05,397.6,0.0,,,,0.0,,,OPEN
2026-07-23,XNCR,"Xencor, Inc.",A,COOLING,73.2,19.51,17.61,19.51,0.0,,,,0.0,,,OPEN
